{
"type": "FeatureCollection",
"name": "hotspots",
"crs": { "type": "name", "properties": { "name": "urn:ogc:def:crs:OGC:1.3:CRS84" } },
"features": [
{ "type": "Feature", "properties": { "score": 80.408484616097311, "gi_z_score": 0.61843382701434035, "hotspot_class": "Not Significant" }, "geometry": { "type": "Point", "coordinates": [ -73.979447178189474, 40.743314068869601 ] } },
{ "type": "Feature", "properties": { "score": 63.993078731213487, "gi_z_score": -0.27673535268393723, "hotspot_class": "Not Significant" }, "geometry": { "type": "Point", "coordinates": [ -74.01504223248736, 40.728506163616402 ] } },
{ "type": "Feature", "properties": { "score": 98.798240210148805, "gi_z_score": 0.41981593725135785, "hotspot_class": "Not Significant" }, "geometry": { "type": "Point", "coordinates": [ -73.991335530716924, 40.703188554210428 ] } },
{ "type": "Feature", "properties": { "score": 47.72629360221147, "gi_z_score": 0.015450370312313869, "hotspot_class": "Not Significant" }, "geometry": { "type": "Point", "coordinates": [ -73.929729538657099, 40.704159040759308 ] } },
{ "type": "Feature", "properties": { "score": 61.371086173684162, "gi_z_score": -0.18150457937525949, "hotspot_class": "Not Significant" }, "geometry": { "type": "Point", "coordinates": [ -73.907756919269829, 40.722156390119572 ] } },
{ "type": "Feature", "properties": { "score": 97.542429408104937, "gi_z_score": 0.41191771935029081, "hotspot_class": "Not Significant" }, "geometry": { "type": "Point", "coordinates": [ -73.953689613848468, 40.770510457056552 ] } },
{ "type": "Feature", "properties": { "score": 53.937784451995064, "gi_z_score": 0.0049135325756690463, "hotspot_class": "Not Significant" }, "geometry": { "type": "Point", "coordinates": [ -73.913053648566404, 40.773158918333593 ] } },
{ "type": "Feature", "properties": { "score": 92.142765536825095, "gi_z_score": 0.38471715112978888, "hotspot_class": "Not Significant" }, "geometry": { "type": "Point", "coordinates": [ -74.032733757948421, 40.703581516793101 ] } },
{ "type": "Feature", "properties": { "score": 76.724453067916528, "gi_z_score": 0.012751029468629344, "hotspot_class": "Not Significant" }, "geometry": { "type": "Point", "coordinates": [ -73.985291002703434, 40.725195083448099 ] } },
{ "type": "Feature", "properties": { "score": 40.660558618567876, "gi_z_score": 0.35969170682872309, "hotspot_class": "Not Significant" }, "geometry": { "type": "Point", "coordinates": [ -73.903788602940352, 40.750745391868399 ] } },
{ "type": "Feature", "properties": { "score": 91.360056709175566, "gi_z_score": 0.37190746752868614, "hotspot_class": "Not Significant" }, "geometry": { "type": "Point", "coordinates": [ -73.933546413029248, 40.712194440166492 ] } },
{ "type": "Feature", "properties": { "score": 53.98621461815587, "gi_z_score": -0.23406416622159557, "hotspot_class": "Not Significant" }, "geometry": { "type": "Point", "coordinates": [ -73.9757549688306, 40.70036059441955 ] } },
{ "type": "Feature", "properties": { "score": 67.732502225922019, "gi_z_score": 0.092689596519023087, "hotspot_class": "Not Significant" }, "geometry": { "type": "Point", "coordinates": [ -73.92063678813679, 40.704127350702748 ] } },
{ "type": "Feature", "properties": { "score": 40.03860069855093, "gi_z_score": 0.20464841661787903, "hotspot_class": "Not Significant" }, "geometry": { "type": "Point", "coordinates": [ -73.924674277625385, 40.707096250601992 ] } },
{ "type": "Feature", "properties": { "score": 99.302423748368639, "gi_z_score": 0.11137149434074588, "hotspot_class": "Not Significant" }, "geometry": { "type": "Point", "coordinates": [ -73.911696077701635, 40.752178752801811 ] } },
{ "type": "Feature", "properties": { "score": 88.291822138008229, "gi_z_score": 0.024326996353048545, "hotspot_class": "Not Significant" }, "geometry": { "type": "Point", "coordinates": [ -73.90227408228435, 40.782098093497105 ] } },
{ "type": "Feature", "properties": { "score": 51.292413221804019, "gi_z_score": -0.080311784456336591, "hotspot_class": "Not Significant" }, "geometry": { "type": "Point", "coordinates": [ -73.973381319180945, 40.707360995627802 ] } },
{ "type": "Feature", "properties": { "score": 86.173345884574715, "gi_z_score": 0.61843382701434035, "hotspot_class": "Not Significant" }, "geometry": { "type": "Point", "coordinates": [ -73.979609390168406, 40.740279883436472 ] } },
{ "type": "Feature", "properties": { "score": 78.130087733629182, "gi_z_score": 0.513894012982135, "hotspot_class": "Not Significant" }, "geometry": { "type": "Point", "coordinates": [ -74.014563917436604, 40.710719515031968 ] } },
{ "type": "Feature", "properties": { "score": 98.070950368981926, "gi_z_score": -0.033965251623504555, "hotspot_class": "Not Significant" }, "geometry": { "type": "Point", "coordinates": [ -74.024714793290187, 40.732622090019696 ] } },
{ "type": "Feature", "properties": { "score": 59.315060109741268, "gi_z_score": -0.18290159779484941, "hotspot_class": "Not Significant" }, "geometry": { "type": "Point", "coordinates": [ -74.023805889504956, 40.799361758165375 ] } },
{ "type": "Feature", "properties": { "score": 60.667741860800362, "gi_z_score": 0.1591623082032152, "hotspot_class": "Not Significant" }, "geometry": { "type": "Point", "coordinates": [ -73.958266298808311, 40.763916908239324 ] } },
{ "type": "Feature", "properties": { "score": 53.226805415615488, "gi_z_score": -0.29944193367564753, "hotspot_class": "Not Significant" }, "geometry": { "type": "Point", "coordinates": [ -73.994559590985844, 40.799818366833314 ] } },
{ "type": "Feature", "properties": { "score": 69.748697170258993, "gi_z_score": -0.78040485757586764, "hotspot_class": "Not Significant" }, "geometry": { "type": "Point", "coordinates": [ -73.949038340187371, 40.714288161004603 ] } },
{ "type": "Feature", "properties": { "score": 66.125623926746016, "gi_z_score": -0.082196379546493004, "hotspot_class": "Not Significant" }, "geometry": { "type": "Point", "coordinates": [ -74.036211318612345, 40.763791016285147 ] } },
{ "type": "Feature", "properties": { "score": 59.842024687773943, "gi_z_score": -0.42239617395313972, "hotspot_class": "Not Significant" }, "geometry": { "type": "Point", "coordinates": [ -74.005261427555737, 40.75634495267132 ] } },
{ "type": "Feature", "properties": { "score": 41.74031424934217, "gi_z_score": -0.29408605511109753, "hotspot_class": "Not Significant" }, "geometry": { "type": "Point", "coordinates": [ -73.923851737258488, 40.730127792620856 ] } },
{ "type": "Feature", "properties": { "score": 99.613239897609148, "gi_z_score": 1.0181489393850991, "hotspot_class": "Not Significant" }, "geometry": { "type": "Point", "coordinates": [ -73.977182888726162, 40.753975013169644 ] } },
{ "type": "Feature", "properties": { "score": 99.678844032832615, "gi_z_score": 0.1406392896578304, "hotspot_class": "Not Significant" }, "geometry": { "type": "Point", "coordinates": [ -73.932937494098155, 40.730812845353817 ] } },
{ "type": "Feature", "properties": { "score": 84.836739845472607, "gi_z_score": 0.10656163284218471, "hotspot_class": "Not Significant" }, "geometry": { "type": "Point", "coordinates": [ -73.916276426308741, 40.793410619668315 ] } },
{ "type": "Feature", "properties": { "score": 95.300620766941321, "gi_z_score": 0.4169694352019751, "hotspot_class": "Not Significant" }, "geometry": { "type": "Point", "coordinates": [ -73.935490843138524, 40.727539459248028 ] } },
{ "type": "Feature", "properties": { "score": 50.586767855668761, "gi_z_score": -0.41603202002640294, "hotspot_class": "Not Significant" }, "geometry": { "type": "Point", "coordinates": [ -73.959347323239768, 40.712917257771387 ] } },
{ "type": "Feature", "properties": { "score": 44.004781100912027, "gi_z_score": 0.065424717397426377, "hotspot_class": "Not Significant" }, "geometry": { "type": "Point", "coordinates": [ -73.99041039516203, 40.769568053162303 ] } },
{ "type": "Feature", "properties": { "score": 46.201059071572615, "gi_z_score": 0.012746758567067765, "hotspot_class": "Not Significant" }, "geometry": { "type": "Point", "coordinates": [ -73.992003708544232, 40.725464219261688 ] } },
{ "type": "Feature", "properties": { "score": 93.274444604775624, "gi_z_score": 0.49084079424510957, "hotspot_class": "Not Significant" }, "geometry": { "type": "Point", "coordinates": [ -73.993783406174046, 40.70901999414469 ] } },
{ "type": "Feature", "properties": { "score": 83.069333138901015, "gi_z_score": -0.35371243282056747, "hotspot_class": "Not Significant" }, "geometry": { "type": "Point", "coordinates": [ -74.000515197578935, 40.756658482792552 ] } },
{ "type": "Feature", "properties": { "score": 63.026602305647479, "gi_z_score": -0.093624854250722186, "hotspot_class": "Not Significant" }, "geometry": { "type": "Point", "coordinates": [ -74.023366803441036, 40.719695477446059 ] } },
{ "type": "Feature", "properties": { "score": 69.49982304011688, "gi_z_score": 0.35017526274858923, "hotspot_class": "Not Significant" }, "geometry": { "type": "Point", "coordinates": [ -74.040720092588657, 40.702611357295176 ] } },
{ "type": "Feature", "properties": { "score": 81.044101722162935, "gi_z_score": -0.10008738736026038, "hotspot_class": "Not Significant" }, "geometry": { "type": "Point", "coordinates": [ -73.941559827272499, 40.790746550747812 ] } },
{ "type": "Feature", "properties": { "score": 93.574200679750732, "gi_z_score": 0.41893464641229844, "hotspot_class": "Not Significant" }, "geometry": { "type": "Point", "coordinates": [ -73.975725809935369, 40.788383661426742 ] } },
{ "type": "Feature", "properties": { "score": 59.578413167279209, "gi_z_score": 0.18634975367274087, "hotspot_class": "Not Significant" }, "geometry": { "type": "Point", "coordinates": [ -74.048245414936005, 40.740740470619272 ] } },
{ "type": "Feature", "properties": { "score": 78.208594640233912, "gi_z_score": -0.19313039867104589, "hotspot_class": "Not Significant" }, "geometry": { "type": "Point", "coordinates": [ -73.952917313901338, 40.702741740610556 ] } },
{ "type": "Feature", "properties": { "score": 43.71717351226382, "gi_z_score": -0.64933224081180285, "hotspot_class": "Not Significant" }, "geometry": { "type": "Point", "coordinates": [ -74.002328781212597, 40.74400722850698 ] } },
{ "type": "Feature", "properties": { "score": 98.178271188070354, "gi_z_score": 0.74914862033697982, "hotspot_class": "Not Significant" }, "geometry": { "type": "Point", "coordinates": [ -73.950396220230544, 40.753462857151632 ] } },
{ "type": "Feature", "properties": { "score": 60.76871915144433, "gi_z_score": 0.59836114660020912, "hotspot_class": "Not Significant" }, "geometry": { "type": "Point", "coordinates": [ -74.021159655501577, 40.746721717839158 ] } },
{ "type": "Feature", "properties": { "score": 62.776279552888916, "gi_z_score": 0.23960544281500476, "hotspot_class": "Not Significant" }, "geometry": { "type": "Point", "coordinates": [ -73.991466891990072, 40.760404784954055 ] } },
{ "type": "Feature", "properties": { "score": 78.598131293494077, "gi_z_score": -0.47654961416390762, "hotspot_class": "Not Significant" }, "geometry": { "type": "Point", "coordinates": [ -73.95843789352422, 40.780872828908493 ] } },
{ "type": "Feature", "properties": { "score": 96.967526646023742, "gi_z_score": -0.47944501948980484, "hotspot_class": "Not Significant" }, "geometry": { "type": "Point", "coordinates": [ -74.032904321721276, 40.723291856338335 ] } },
{ "type": "Feature", "properties": { "score": 53.595153793496401, "gi_z_score": -0.033965251623504555, "hotspot_class": "Not Significant" }, "geometry": { "type": "Point", "coordinates": [ -74.026467975206543, 40.731656996204265 ] } },
{ "type": "Feature", "properties": { "score": 79.249789596292231, "gi_z_score": -0.27797457910804624, "hotspot_class": "Not Significant" }, "geometry": { "type": "Point", "coordinates": [ -73.996424271776888, 40.766675310932456 ] } },
{ "type": "Feature", "properties": { "score": 95.149465540801444, "gi_z_score": 0.37789442404464796, "hotspot_class": "Not Significant" }, "geometry": { "type": "Point", "coordinates": [ -73.947211639583145, 40.742890547112694 ] } },
{ "type": "Feature", "properties": { "score": 45.964828129424973, "gi_z_score": -0.066667093150138773, "hotspot_class": "Not Significant" }, "geometry": { "type": "Point", "coordinates": [ -73.965315824305037, 40.784063888378853 ] } },
{ "type": "Feature", "properties": { "score": 40.439246404660778, "gi_z_score": -1.1679230670204293, "hotspot_class": "Not Significant" }, "geometry": { "type": "Point", "coordinates": [ -74.008231907583422, 40.742180913524997 ] } },
{ "type": "Feature", "properties": { "score": 46.281831215136442, "gi_z_score": -0.56015345801220495, "hotspot_class": "Not Significant" }, "geometry": { "type": "Point", "coordinates": [ -73.952913223806149, 40.71855971235717 ] } },
{ "type": "Feature", "properties": { "score": 70.148975239107358, "gi_z_score": 0.021597690829941004, "hotspot_class": "Not Significant" }, "geometry": { "type": "Point", "coordinates": [ -73.986561662251887, 40.768110883314776 ] } },
{ "type": "Feature", "properties": { "score": 85.16917232614334, "gi_z_score": -0.3194767505450245, "hotspot_class": "Not Significant" }, "geometry": { "type": "Point", "coordinates": [ -73.922693415714846, 40.714121323342717 ] } },
{ "type": "Feature", "properties": { "score": 95.738994205737839, "gi_z_score": 0.21555726975662484, "hotspot_class": "Not Significant" }, "geometry": { "type": "Point", "coordinates": [ -74.022376400519533, 40.754114878319712 ] } },
{ "type": "Feature", "properties": { "score": 74.316969433481361, "gi_z_score": -0.18306036849621338, "hotspot_class": "Not Significant" }, "geometry": { "type": "Point", "coordinates": [ -73.91648357968198, 40.777111627373344 ] } },
{ "type": "Feature", "properties": { "score": 82.968598264846463, "gi_z_score": 0.17704324526406012, "hotspot_class": "Not Significant" }, "geometry": { "type": "Point", "coordinates": [ -74.013920556861578, 40.792310662160588 ] } },
{ "type": "Feature", "properties": { "score": 91.68080353196406, "gi_z_score": -0.019905186448946583, "hotspot_class": "Not Significant" }, "geometry": { "type": "Point", "coordinates": [ -73.918847774579632, 40.733113003988798 ] } },
{ "type": "Feature", "properties": { "score": 50.38889032090124, "gi_z_score": -0.15059109151442013, "hotspot_class": "Not Significant" }, "geometry": { "type": "Point", "coordinates": [ -73.980962095009616, 40.783526207808848 ] } },
{ "type": "Feature", "properties": { "score": 54.083925306741847, "gi_z_score": 0.34935255070086002, "hotspot_class": "Not Significant" }, "geometry": { "type": "Point", "coordinates": [ -73.988002644657669, 40.708651627794637 ] } },
{ "type": "Feature", "properties": { "score": 64.355766389709586, "gi_z_score": -0.43802738959528476, "hotspot_class": "Not Significant" }, "geometry": { "type": "Point", "coordinates": [ -74.00417334995889, 40.759378799274195 ] } },
{ "type": "Feature", "properties": { "score": 60.372482198014907, "gi_z_score": 0.1821873313866933, "hotspot_class": "Not Significant" }, "geometry": { "type": "Point", "coordinates": [ -73.909900850103369, 40.763348415929293 ] } },
{ "type": "Feature", "properties": { "score": 50.254785696406827, "gi_z_score": -0.35858701386868796, "hotspot_class": "Not Significant" }, "geometry": { "type": "Point", "coordinates": [ -74.027443854354473, 40.789847890284086 ] } },
{ "type": "Feature", "properties": { "score": 65.206073352956651, "gi_z_score": -0.055462290272825752, "hotspot_class": "Not Significant" }, "geometry": { "type": "Point", "coordinates": [ -73.919491400605182, 40.777907772509316 ] } },
{ "type": "Feature", "properties": { "score": 97.532364397728543, "gi_z_score": 0.1789935712378927, "hotspot_class": "Not Significant" }, "geometry": { "type": "Point", "coordinates": [ -74.029234934369043, 40.761124761990494 ] } },
{ "type": "Feature", "properties": { "score": 91.69779317930508, "gi_z_score": 0.21283953108106471, "hotspot_class": "Not Significant" }, "geometry": { "type": "Point", "coordinates": [ -73.995173748318251, 40.720851186623214 ] } },
{ "type": "Feature", "properties": { "score": 78.381328607436927, "gi_z_score": 0.68894969914501292, "hotspot_class": "Not Significant" }, "geometry": { "type": "Point", "coordinates": [ -74.049042890438542, 40.705077692785522 ] } },
{ "type": "Feature", "properties": { "score": 73.061102643693857, "gi_z_score": -0.066667093150138773, "hotspot_class": "Not Significant" }, "geometry": { "type": "Point", "coordinates": [ -73.96405117140975, 40.786188453118839 ] } },
{ "type": "Feature", "properties": { "score": 50.324322608002092, "gi_z_score": -0.5435625024705466, "hotspot_class": "Not Significant" }, "geometry": { "type": "Point", "coordinates": [ -74.009640631689194, 40.73655092120849 ] } },
{ "type": "Feature", "properties": { "score": 77.785421539169249, "gi_z_score": 0.27188862524699686, "hotspot_class": "Not Significant" }, "geometry": { "type": "Point", "coordinates": [ -73.942569039969356, 40.760090052356794 ] } },
{ "type": "Feature", "properties": { "score": 40.667008550548893, "gi_z_score": 0.059068078406437151, "hotspot_class": "Not Significant" }, "geometry": { "type": "Point", "coordinates": [ -73.95732234708521, 40.769234895071826 ] } },
{ "type": "Feature", "properties": { "score": 57.619608822565858, "gi_z_score": -0.16976853078627882, "hotspot_class": "Not Significant" }, "geometry": { "type": "Point", "coordinates": [ -74.007567012407534, 40.714902163933772 ] } },
{ "type": "Feature", "properties": { "score": 40.746151287214779, "gi_z_score": -0.21766652373881928, "hotspot_class": "Not Significant" }, "geometry": { "type": "Point", "coordinates": [ -73.916996887645539, 40.719157919993251 ] } },
{ "type": "Feature", "properties": { "score": 98.900377370692354, "gi_z_score": -0.087556318672432812, "hotspot_class": "Not Significant" }, "geometry": { "type": "Point", "coordinates": [ -74.02673049731618, 40.725469173405507 ] } },
{ "type": "Feature", "properties": { "score": 62.052175396551547, "gi_z_score": -0.0031164889095657723, "hotspot_class": "Not Significant" }, "geometry": { "type": "Point", "coordinates": [ -73.916304646572712, 40.784816155456539 ] } },
{ "type": "Feature", "properties": { "score": 77.400615405784706, "gi_z_score": -0.035402897335937197, "hotspot_class": "Not Significant" }, "geometry": { "type": "Point", "coordinates": [ -73.968583994358639, 40.710491293484786 ] } },
{ "type": "Feature", "properties": { "score": 48.933296192409323, "gi_z_score": -0.12181580396002872, "hotspot_class": "Not Significant" }, "geometry": { "type": "Point", "coordinates": [ -73.948819220101541, 40.792875693114098 ] } },
{ "type": "Feature", "properties": { "score": 81.565432111150244, "gi_z_score": 0.05970017959114339, "hotspot_class": "Not Significant" }, "geometry": { "type": "Point", "coordinates": [ -74.029008629802448, 40.767982509334729 ] } },
{ "type": "Feature", "properties": { "score": 68.623973500574238, "gi_z_score": -0.16496401387353898, "hotspot_class": "Not Significant" }, "geometry": { "type": "Point", "coordinates": [ -74.032326011996673, 40.779564579969659 ] } },
{ "type": "Feature", "properties": { "score": 43.698520042569676, "gi_z_score": -0.4199549806844754, "hotspot_class": "Not Significant" }, "geometry": { "type": "Point", "coordinates": [ -74.033422530488792, 40.74489926926087 ] } },
{ "type": "Feature", "properties": { "score": 89.766561788886364, "gi_z_score": 0.4493580392374259, "hotspot_class": "Not Significant" }, "geometry": { "type": "Point", "coordinates": [ -73.934770250468304, 40.753624559901901 ] } },
{ "type": "Feature", "properties": { "score": 95.20033271775543, "gi_z_score": 0.22832065422883446, "hotspot_class": "Not Significant" }, "geometry": { "type": "Point", "coordinates": [ -73.968429155801715, 40.701639397120026 ] } },
{ "type": "Feature", "properties": { "score": 59.930759447821075, "gi_z_score": -0.14034440521561409, "hotspot_class": "Not Significant" }, "geometry": { "type": "Point", "coordinates": [ -73.969301061559221, 40.721828983088635 ] } },
{ "type": "Feature", "properties": { "score": 47.576742239695875, "gi_z_score": -0.48024473821272406, "hotspot_class": "Not Significant" }, "geometry": { "type": "Point", "coordinates": [ -73.979363351294921, 40.700523149547692 ] } },
{ "type": "Feature", "properties": { "score": 58.017764396722242, "gi_z_score": -0.55527081568566738, "hotspot_class": "Not Significant" }, "geometry": { "type": "Point", "coordinates": [ -73.950620002381015, 40.718925567674333 ] } },
{ "type": "Feature", "properties": { "score": 49.555820048927799, "gi_z_score": -0.32713420186131353, "hotspot_class": "Not Significant" }, "geometry": { "type": "Point", "coordinates": [ -73.920272099919501, 40.746857609769243 ] } },
{ "type": "Feature", "properties": { "score": 87.319917485366688, "gi_z_score": -0.27912792328931874, "hotspot_class": "Not Significant" }, "geometry": { "type": "Point", "coordinates": [ -74.041347569796443, 40.766092507622844 ] } },
{ "type": "Feature", "properties": { "score": 84.021138686885124, "gi_z_score": -0.3442207527332084, "hotspot_class": "Not Significant" }, "geometry": { "type": "Point", "coordinates": [ -73.930180119242749, 40.786099831470061 ] } },
{ "type": "Feature", "properties": { "score": 60.391668334895328, "gi_z_score": -0.49655960048525039, "hotspot_class": "Not Significant" }, "geometry": { "type": "Point", "coordinates": [ -74.007686407202513, 40.75541638518758 ] } },
{ "type": "Feature", "properties": { "score": 46.605164055254335, "gi_z_score": -1.0418250914772984, "hotspot_class": "Not Significant" }, "geometry": { "type": "Point", "coordinates": [ -74.012156357140995, 40.748428949460909 ] } },
{ "type": "Feature", "properties": { "score": 74.621188924365484, "gi_z_score": -0.60001201405944993, "hotspot_class": "Not Significant" }, "geometry": { "type": "Point", "coordinates": [ -74.037364835068658, 40.748401064074216 ] } },
{ "type": "Feature", "properties": { "score": 77.471863554669, "gi_z_score": 0.12574728822909792, "hotspot_class": "Not Significant" }, "geometry": { "type": "Point", "coordinates": [ -73.949110618925445, 40.77847514804035 ] } },
{ "type": "Feature", "properties": { "score": 96.924006887525195, "gi_z_score": -0.17477747456231157, "hotspot_class": "Not Significant" }, "geometry": { "type": "Point", "coordinates": [ -74.02501496973683, 40.740378636998869 ] } },
{ "type": "Feature", "properties": { "score": 40.531014264842149, "gi_z_score": -0.64597213321827673, "hotspot_class": "Not Significant" }, "geometry": { "type": "Point", "coordinates": [ -73.919498223388985, 40.761797887806104 ] } },
{ "type": "Feature", "properties": { "score": 43.153083239326151, "gi_z_score": 0.31374238757508688, "hotspot_class": "Not Significant" }, "geometry": { "type": "Point", "coordinates": [ -73.936035099759906, 40.738563405675976 ] } },
{ "type": "Feature", "properties": { "score": 62.172615268168364, "gi_z_score": -0.055462290272825752, "hotspot_class": "Not Significant" }, "geometry": { "type": "Point", "coordinates": [ -73.922278942961213, 40.776663865662108 ] } },
{ "type": "Feature", "properties": { "score": 74.806496817795505, "gi_z_score": 0.53615585012490741, "hotspot_class": "Not Significant" }, "geometry": { "type": "Point", "coordinates": [ -73.941607992894035, 40.772422260987348 ] } },
{ "type": "Feature", "properties": { "score": 64.814205768999074, "gi_z_score": 0.050252199576934331, "hotspot_class": "Not Significant" }, "geometry": { "type": "Point", "coordinates": [ -74.023530435100938, 40.758326711776306 ] } },
{ "type": "Feature", "properties": { "score": 95.582682805959408, "gi_z_score": 0.3035512039063949, "hotspot_class": "Not Significant" }, "geometry": { "type": "Point", "coordinates": [ -73.902747591308554, 40.700027102308333 ] } },
{ "type": "Feature", "properties": { "score": 55.144815801716788, "gi_z_score": -0.45229016081168982, "hotspot_class": "Not Significant" }, "geometry": { "type": "Point", "coordinates": [ -73.994782945226603, 40.739691786375779 ] } },
{ "type": "Feature", "properties": { "score": 60.390054819301795, "gi_z_score": -0.37730053477747566, "hotspot_class": "Not Significant" }, "geometry": { "type": "Point", "coordinates": [ -73.924230828183312, 40.79622021255355 ] } },
{ "type": "Feature", "properties": { "score": 65.954847513848023, "gi_z_score": -0.29284956493215336, "hotspot_class": "Not Significant" }, "geometry": { "type": "Point", "coordinates": [ -73.961614557498137, 40.787990001211355 ] } },
{ "type": "Feature", "properties": { "score": 48.714740350447848, "gi_z_score": -0.26092776052519007, "hotspot_class": "Not Significant" }, "geometry": { "type": "Point", "coordinates": [ -74.014822701566445, 40.734501521508697 ] } },
{ "type": "Feature", "properties": { "score": 41.486839423209915, "gi_z_score": -0.19769633864112185, "hotspot_class": "Not Significant" }, "geometry": { "type": "Point", "coordinates": [ -74.035544606706821, 40.724137619753577 ] } },
{ "type": "Feature", "properties": { "score": 58.584447669580015, "gi_z_score": 0.1005936694137415, "hotspot_class": "Not Significant" }, "geometry": { "type": "Point", "coordinates": [ -73.993995758108582, 40.747208397560854 ] } },
{ "type": "Feature", "properties": { "score": 44.761315927224985, "gi_z_score": -0.20368312371824129, "hotspot_class": "Not Significant" }, "geometry": { "type": "Point", "coordinates": [ -73.936994064712195, 40.707546317712904 ] } },
{ "type": "Feature", "properties": { "score": 82.204495759331635, "gi_z_score": -0.29176708825940273, "hotspot_class": "Not Significant" }, "geometry": { "type": "Point", "coordinates": [ -73.993800829917305, 40.743667347230513 ] } },
{ "type": "Feature", "properties": { "score": 92.304764496915624, "gi_z_score": -0.10765125983773501, "hotspot_class": "Not Significant" }, "geometry": { "type": "Point", "coordinates": [ -73.923799912566267, 40.702659652620504 ] } },
{ "type": "Feature", "properties": { "score": 96.840177609373256, "gi_z_score": 0.12119763660267145, "hotspot_class": "Not Significant" }, "geometry": { "type": "Point", "coordinates": [ -73.906337785619868, 40.75579528329537 ] } },
{ "type": "Feature", "properties": { "score": 65.346353097741797, "gi_z_score": -0.91917623932095127, "hotspot_class": "Not Significant" }, "geometry": { "type": "Point", "coordinates": [ -74.012465118862593, 40.751119311472415 ] } },
{ "type": "Feature", "properties": { "score": 68.909001187184728, "gi_z_score": 0.44793701632138155, "hotspot_class": "Not Significant" }, "geometry": { "type": "Point", "coordinates": [ -74.015568675155464, 40.711532753021167 ] } },
{ "type": "Feature", "properties": { "score": 52.439379026084012, "gi_z_score": -0.32188936522940992, "hotspot_class": "Not Significant" }, "geometry": { "type": "Point", "coordinates": [ -74.046521272668542, 40.763723255731826 ] } },
{ "type": "Feature", "properties": { "score": 55.374733531135867, "gi_z_score": -0.51881615986013341, "hotspot_class": "Not Significant" }, "geometry": { "type": "Point", "coordinates": [ -74.0349331395132, 40.714498243019769 ] } },
{ "type": "Feature", "properties": { "score": 77.333048851058805, "gi_z_score": 0.41736137828006015, "hotspot_class": "Not Significant" }, "geometry": { "type": "Point", "coordinates": [ -73.971739546792236, 40.786062469449533 ] } },
{ "type": "Feature", "properties": { "score": 92.59765033910989, "gi_z_score": 0.93515808800178135, "hotspot_class": "Not Significant" }, "geometry": { "type": "Point", "coordinates": [ -74.002393350777268, 40.703651259552238 ] } },
{ "type": "Feature", "properties": { "score": 63.829284964405545, "gi_z_score": 0.4169694352019751, "hotspot_class": "Not Significant" }, "geometry": { "type": "Point", "coordinates": [ -73.934046854401714, 40.726684880359457 ] } },
{ "type": "Feature", "properties": { "score": 93.135822391259211, "gi_z_score": 0.39120651659837197, "hotspot_class": "Not Significant" }, "geometry": { "type": "Point", "coordinates": [ -73.986668077656475, 40.741957140402221 ] } },
{ "type": "Feature", "properties": { "score": 87.259515125304148, "gi_z_score": 0.1726529950017246, "hotspot_class": "Not Significant" }, "geometry": { "type": "Point", "coordinates": [ -74.039836464601422, 40.797370628125783 ] } },
{ "type": "Feature", "properties": { "score": 57.64577445220695, "gi_z_score": -0.76090003740034118, "hotspot_class": "Not Significant" }, "geometry": { "type": "Point", "coordinates": [ -73.90593635408888, 40.735713016554364 ] } },
{ "type": "Feature", "properties": { "score": 51.527426464516033, "gi_z_score": -0.41388252660994723, "hotspot_class": "Not Significant" }, "geometry": { "type": "Point", "coordinates": [ -73.997557861564744, 40.783825635799047 ] } },
{ "type": "Feature", "properties": { "score": 46.1052955773077, "gi_z_score": 0.17211935948653112, "hotspot_class": "Not Significant" }, "geometry": { "type": "Point", "coordinates": [ -74.018371138973322, 40.783244126231878 ] } },
{ "type": "Feature", "properties": { "score": 84.459801517104907, "gi_z_score": 0.12258423589518684, "hotspot_class": "Not Significant" }, "geometry": { "type": "Point", "coordinates": [ -73.934505786750961, 40.74152561715146 ] } },
{ "type": "Feature", "properties": { "score": 49.32609283401267, "gi_z_score": -0.038241483526508593, "hotspot_class": "Not Significant" }, "geometry": { "type": "Point", "coordinates": [ -73.947390705338421, 40.779636446018721 ] } },
{ "type": "Feature", "properties": { "score": 88.995313575555315, "gi_z_score": 0.45706654401979646, "hotspot_class": "Not Significant" }, "geometry": { "type": "Point", "coordinates": [ -73.970864569103796, 40.747480379452888 ] } },
{ "type": "Feature", "properties": { "score": 46.339317435182743, "gi_z_score": -0.35888651223347662, "hotspot_class": "Not Significant" }, "geometry": { "type": "Point", "coordinates": [ -74.030781598988455, 40.717632990599924 ] } },
{ "type": "Feature", "properties": { "score": 66.636294568332119, "gi_z_score": -0.25143896505515662, "hotspot_class": "Not Significant" }, "geometry": { "type": "Point", "coordinates": [ -74.022834186027282, 40.781552825928337 ] } },
{ "type": "Feature", "properties": { "score": 64.925120463532167, "gi_z_score": -0.1605656868414623, "hotspot_class": "Not Significant" }, "geometry": { "type": "Point", "coordinates": [ -73.920120389016944, 40.718333334952156 ] } },
{ "type": "Feature", "properties": { "score": 41.778478560309821, "gi_z_score": -0.24031218031472049, "hotspot_class": "Not Significant" }, "geometry": { "type": "Point", "coordinates": [ -73.956843915734652, 40.793606685870621 ] } },
{ "type": "Feature", "properties": { "score": 70.002898684810731, "gi_z_score": -0.099271329248091802, "hotspot_class": "Not Significant" }, "geometry": { "type": "Point", "coordinates": [ -74.007320945430394, 40.776212279302882 ] } },
{ "type": "Feature", "properties": { "score": 47.941406497227703, "gi_z_score": -0.15934100776365931, "hotspot_class": "Not Significant" }, "geometry": { "type": "Point", "coordinates": [ -73.975304854630494, 40.782402601798864 ] } },
{ "type": "Feature", "properties": { "score": 99.674379940352367, "gi_z_score": 0.44711063320320071, "hotspot_class": "Not Significant" }, "geometry": { "type": "Point", "coordinates": [ -74.044885012090191, 40.707702864761728 ] } },
{ "type": "Feature", "properties": { "score": 77.324252689632374, "gi_z_score": 0.61843382701434035, "hotspot_class": "Not Significant" }, "geometry": { "type": "Point", "coordinates": [ -73.982841387501651, 40.737923697356422 ] } },
{ "type": "Feature", "properties": { "score": 56.521434923922087, "gi_z_score": -0.076241206061504904, "hotspot_class": "Not Significant" }, "geometry": { "type": "Point", "coordinates": [ -74.026958162899405, 40.747151406685894 ] } },
{ "type": "Feature", "properties": { "score": 75.527796709964207, "gi_z_score": -0.022099107424113758, "hotspot_class": "Not Significant" }, "geometry": { "type": "Point", "coordinates": [ -74.039038866844152, 40.786740679476146 ] } },
{ "type": "Feature", "properties": { "score": 91.275139331695812, "gi_z_score": 0.46019962489065885, "hotspot_class": "Not Significant" }, "geometry": { "type": "Point", "coordinates": [ -73.944248208364485, 40.753545356974719 ] } },
{ "type": "Feature", "properties": { "score": 85.413360213719756, "gi_z_score": 0.16608748351154276, "hotspot_class": "Not Significant" }, "geometry": { "type": "Point", "coordinates": [ -74.010238695672371, 40.711240854455767 ] } },
{ "type": "Feature", "properties": { "score": 76.143802074943295, "gi_z_score": 0.30842323145627615, "hotspot_class": "Not Significant" }, "geometry": { "type": "Point", "coordinates": [ -73.987018829682555, 40.714324767515329 ] } },
{ "type": "Feature", "properties": { "score": 60.063669925128366, "gi_z_score": -0.066553118488531349, "hotspot_class": "Not Significant" }, "geometry": { "type": "Point", "coordinates": [ -73.989621839029269, 40.767000714014195 ] } },
{ "type": "Feature", "properties": { "score": 70.488989237236865, "gi_z_score": -0.35315745949667932, "hotspot_class": "Not Significant" }, "geometry": { "type": "Point", "coordinates": [ -73.94877662538947, 40.736065204750588 ] } },
{ "type": "Feature", "properties": { "score": 51.547651249088958, "gi_z_score": 0.14023005463603172, "hotspot_class": "Not Significant" }, "geometry": { "type": "Point", "coordinates": [ -74.028969245313206, 40.706518534259985 ] } },
{ "type": "Feature", "properties": { "score": 47.057409253969418, "gi_z_score": -0.31583347390922251, "hotspot_class": "Not Significant" }, "geometry": { "type": "Point", "coordinates": [ -73.916568409306038, 40.753471779066089 ] } },
{ "type": "Feature", "properties": { "score": 59.307141136333854, "gi_z_score": 0.30384761646711128, "hotspot_class": "Not Significant" }, "geometry": { "type": "Point", "coordinates": [ -74.00872096246178, 40.793824358250397 ] } },
{ "type": "Feature", "properties": { "score": 62.889216826748523, "gi_z_score": 0.055033411563736, "hotspot_class": "Not Significant" }, "geometry": { "type": "Point", "coordinates": [ -73.994890436899524, 40.761051854765604 ] } },
{ "type": "Feature", "properties": { "score": 57.5821157536041, "gi_z_score": 0.51881811920785625, "hotspot_class": "Not Significant" }, "geometry": { "type": "Point", "coordinates": [ -73.95161182738039, 40.770961072330955 ] } },
{ "type": "Feature", "properties": { "score": 79.004641520378811, "gi_z_score": 0.080518231378914118, "hotspot_class": "Not Significant" }, "geometry": { "type": "Point", "coordinates": [ -73.911884007332475, 40.767115542604927 ] } },
{ "type": "Feature", "properties": { "score": 51.004087218554602, "gi_z_score": -0.34939315195551013, "hotspot_class": "Not Significant" }, "geometry": { "type": "Point", "coordinates": [ -73.917998233622001, 40.743157142102497 ] } },
{ "type": "Feature", "properties": { "score": 87.559988907384934, "gi_z_score": -0.17402541617508688, "hotspot_class": "Not Significant" }, "geometry": { "type": "Point", "coordinates": [ -73.939263819513798, 40.787502578964826 ] } },
{ "type": "Feature", "properties": { "score": 90.278971544991236, "gi_z_score": 0.98410443905016654, "hotspot_class": "Not Significant" }, "geometry": { "type": "Point", "coordinates": [ -73.969077518789362, 40.75936579472225 ] } },
{ "type": "Feature", "properties": { "score": 83.942450846213831, "gi_z_score": 0.54110448781721554, "hotspot_class": "Not Significant" }, "geometry": { "type": "Point", "coordinates": [ -73.901662828630151, 40.717655141249175 ] } },
{ "type": "Feature", "properties": { "score": 97.218159723683158, "gi_z_score": 0.10754651181991459, "hotspot_class": "Not Significant" }, "geometry": { "type": "Point", "coordinates": [ -73.902722839608145, 40.757918270226803 ] } },
{ "type": "Feature", "properties": { "score": 54.581968937133389, "gi_z_score": -0.18044225645239023, "hotspot_class": "Not Significant" }, "geometry": { "type": "Point", "coordinates": [ -74.011524982066135, 40.772251490084841 ] } },
{ "type": "Feature", "properties": { "score": 58.257253203676925, "gi_z_score": -0.029421991782159894, "hotspot_class": "Not Significant" }, "geometry": { "type": "Point", "coordinates": [ -73.995533174601292, 40.773708355415224 ] } },
{ "type": "Feature", "properties": { "score": 93.740017630220009, "gi_z_score": 0.82606556697200362, "hotspot_class": "Not Significant" }, "geometry": { "type": "Point", "coordinates": [ -73.978761322917123, 40.756091813478093 ] } },
{ "type": "Feature", "properties": { "score": 95.023827859520864, "gi_z_score": 0.82606556697200362, "hotspot_class": "Not Significant" }, "geometry": { "type": "Point", "coordinates": [ -73.977988280379535, 40.757734879714491 ] } },
{ "type": "Feature", "properties": { "score": 65.461113634108216, "gi_z_score": -0.21105406178878247, "hotspot_class": "Not Significant" }, "geometry": { "type": "Point", "coordinates": [ -74.022107353071647, 40.772034459661548 ] } },
{ "type": "Feature", "properties": { "score": 57.641427836948566, "gi_z_score": 0.0092648489849058244, "hotspot_class": "Not Significant" }, "geometry": { "type": "Point", "coordinates": [ -74.024966559302399, 40.737953893885781 ] } },
{ "type": "Feature", "properties": { "score": 40.118563475014646, "gi_z_score": -0.57495971766538589, "hotspot_class": "Not Significant" }, "geometry": { "type": "Point", "coordinates": [ -73.910591181998029, 40.74165784962355 ] } },
{ "type": "Feature", "properties": { "score": 68.104750503047129, "gi_z_score": -0.42774811907986304, "hotspot_class": "Not Significant" }, "geometry": { "type": "Point", "coordinates": [ -73.908502735245264, 40.745261580779676 ] } },
{ "type": "Feature", "properties": { "score": 51.657334654923531, "gi_z_score": 0.024399115669281855, "hotspot_class": "Not Significant" }, "geometry": { "type": "Point", "coordinates": [ -74.034953115589687, 40.765466956744987 ] } },
{ "type": "Feature", "properties": { "score": 57.526529491445231, "gi_z_score": -0.31716504933344492, "hotspot_class": "Not Significant" }, "geometry": { "type": "Point", "coordinates": [ -73.909404513579858, 40.797814612752866 ] } },
{ "type": "Feature", "properties": { "score": 61.294441650470119, "gi_z_score": -0.21207809223961666, "hotspot_class": "Not Significant" }, "geometry": { "type": "Point", "coordinates": [ -73.953975031222996, 40.782128220727408 ] } },
{ "type": "Feature", "properties": { "score": 81.080458990979707, "gi_z_score": -0.20779938580688059, "hotspot_class": "Not Significant" }, "geometry": { "type": "Point", "coordinates": [ -73.914144381807517, 40.752008847658082 ] } },
{ "type": "Feature", "properties": { "score": 67.039892773162364, "gi_z_score": -0.26751956137098076, "hotspot_class": "Not Significant" }, "geometry": { "type": "Point", "coordinates": [ -74.013758372516222, 40.769469204973959 ] } },
{ "type": "Feature", "properties": { "score": 74.78920753303089, "gi_z_score": 0.087844138799086396, "hotspot_class": "Not Significant" }, "geometry": { "type": "Point", "coordinates": [ -73.922825585561696, 40.732995328317024 ] } },
{ "type": "Feature", "properties": { "score": 89.823153318575294, "gi_z_score": -0.0090718040760051546, "hotspot_class": "Not Significant" }, "geometry": { "type": "Point", "coordinates": [ -74.03647209094882, 40.732260043255494 ] } },
{ "type": "Feature", "properties": { "score": 53.390361939060853, "gi_z_score": 0.11705468340911414, "hotspot_class": "Not Significant" }, "geometry": { "type": "Point", "coordinates": [ -73.91593127853973, 40.788647948886847 ] } },
{ "type": "Feature", "properties": { "score": 58.99795560823631, "gi_z_score": -0.49221532516705652, "hotspot_class": "Not Significant" }, "geometry": { "type": "Point", "coordinates": [ -73.923530231811412, 40.756236931187367 ] } },
{ "type": "Feature", "properties": { "score": 77.779772960911174, "gi_z_score": -0.3997659593460326, "hotspot_class": "Not Significant" }, "geometry": { "type": "Point", "coordinates": [ -73.912289536378609, 40.795436830689383 ] } },
{ "type": "Feature", "properties": { "score": 57.976823764945202, "gi_z_score": -0.041056550484874083, "hotspot_class": "Not Significant" }, "geometry": { "type": "Point", "coordinates": [ -73.943354955918451, 40.785652441070596 ] } },
{ "type": "Feature", "properties": { "score": 91.280666025497482, "gi_z_score": 0.41690335910644072, "hotspot_class": "Not Significant" }, "geometry": { "type": "Point", "coordinates": [ -73.986872926750451, 40.756260836956038 ] } },
{ "type": "Feature", "properties": { "score": 62.516525889069015, "gi_z_score": 0.59909211872265011, "hotspot_class": "Not Significant" }, "geometry": { "type": "Point", "coordinates": [ -74.045762309318548, 40.715230675410304 ] } },
{ "type": "Feature", "properties": { "score": 54.360897728514701, "gi_z_score": 0.24026581806737207, "hotspot_class": "Not Significant" }, "geometry": { "type": "Point", "coordinates": [ -73.931513725431003, 40.748432940696404 ] } },
{ "type": "Feature", "properties": { "score": 87.544260421598651, "gi_z_score": 0.21283953108106471, "hotspot_class": "Not Significant" }, "geometry": { "type": "Point", "coordinates": [ -73.995806637302337, 40.719730112482296 ] } },
{ "type": "Feature", "properties": { "score": 50.046467460503713, "gi_z_score": -0.35254032911135347, "hotspot_class": "Not Significant" }, "geometry": { "type": "Point", "coordinates": [ -74.003035153986943, 40.760288072737843 ] } },
{ "type": "Feature", "properties": { "score": 73.623503410327245, "gi_z_score": -0.31566123099608573, "hotspot_class": "Not Significant" }, "geometry": { "type": "Point", "coordinates": [ -73.909112007029123, 40.795155713589132 ] } },
{ "type": "Feature", "properties": { "score": 91.730647028599989, "gi_z_score": 0.40886527408809681, "hotspot_class": "Not Significant" }, "geometry": { "type": "Point", "coordinates": [ -73.985146185799834, 40.716972646453804 ] } },
{ "type": "Feature", "properties": { "score": 74.983219067015781, "gi_z_score": -0.15218033970904998, "hotspot_class": "Not Significant" }, "geometry": { "type": "Point", "coordinates": [ -73.963819161240821, 40.774236054359172 ] } },
{ "type": "Feature", "properties": { "score": 66.978964531316734, "gi_z_score": -0.29719347036422072, "hotspot_class": "Not Significant" }, "geometry": { "type": "Point", "coordinates": [ -73.975620267887834, 40.721617075081561 ] } },
{ "type": "Feature", "properties": { "score": 60.59639520552814, "gi_z_score": 0.17470042940061886, "hotspot_class": "Not Significant" }, "geometry": { "type": "Point", "coordinates": [ -74.024712540058559, 40.766516114365601 ] } },
{ "type": "Feature", "properties": { "score": 41.07705525195508, "gi_z_score": -0.395824569875245, "hotspot_class": "Not Significant" }, "geometry": { "type": "Point", "coordinates": [ -73.975985417800032, 40.71620146562713 ] } },
{ "type": "Feature", "properties": { "score": 65.718220439108663, "gi_z_score": 0.16608748351154276, "hotspot_class": "Not Significant" }, "geometry": { "type": "Point", "coordinates": [ -74.008653800386284, 40.714103231351658 ] } },
{ "type": "Feature", "properties": { "score": 44.935484454886776, "gi_z_score": -0.43252907751969583, "hotspot_class": "Not Significant" }, "geometry": { "type": "Point", "coordinates": [ -74.045671534136048, 40.771734308594645 ] } },
{ "type": "Feature", "properties": { "score": 85.009805765149423, "gi_z_score": 0.62607516705670541, "hotspot_class": "Not Significant" }, "geometry": { "type": "Point", "coordinates": [ -74.022931635988854, 40.703447630649009 ] } },
{ "type": "Feature", "properties": { "score": 83.528079126466309, "gi_z_score": -0.57467085015158725, "hotspot_class": "Not Significant" }, "geometry": { "type": "Point", "coordinates": [ -73.959142065729267, 40.723511572405485 ] } },
{ "type": "Feature", "properties": { "score": 40.979761343327901, "gi_z_score": -0.49409182376092686, "hotspot_class": "Not Significant" }, "geometry": { "type": "Point", "coordinates": [ -73.991880279980208, 40.786200702193582 ] } },
{ "type": "Feature", "properties": { "score": 91.785735263633001, "gi_z_score": 0.6992223414787001, "hotspot_class": "Not Significant" }, "geometry": { "type": "Point", "coordinates": [ -73.976047080096009, 40.757786717749639 ] } },
{ "type": "Feature", "properties": { "score": 84.37548660320121, "gi_z_score": -0.047136889469120348, "hotspot_class": "Not Significant" }, "geometry": { "type": "Point", "coordinates": [ -74.001068059492809, 40.718192615953825 ] } },
{ "type": "Feature", "properties": { "score": 49.297070913966436, "gi_z_score": -0.2778328317508339, "hotspot_class": "Not Significant" }, "geometry": { "type": "Point", "coordinates": [ -73.934142903209363, 40.787908158222884 ] } },
{ "type": "Feature", "properties": { "score": 79.736074881873066, "gi_z_score": 0.087235001675471505, "hotspot_class": "Not Significant" }, "geometry": { "type": "Point", "coordinates": [ -73.960298476815723, 40.701932767253446 ] } },
{ "type": "Feature", "properties": { "score": 99.663142261532045, "gi_z_score": 0.050252199576934331, "hotspot_class": "Not Significant" }, "geometry": { "type": "Point", "coordinates": [ -74.024872519942164, 40.757560609970838 ] } },
{ "type": "Feature", "properties": { "score": 62.686846515034304, "gi_z_score": 0.21948729950506179, "hotspot_class": "Not Significant" }, "geometry": { "type": "Point", "coordinates": [ -73.916006818372807, 40.701738694316738 ] } },
{ "type": "Feature", "properties": { "score": 81.667830467435806, "gi_z_score": 0.13199821611215429, "hotspot_class": "Not Significant" }, "geometry": { "type": "Point", "coordinates": [ -73.963769017996484, 40.761592626808685 ] } },
{ "type": "Feature", "properties": { "score": 46.919902594013706, "gi_z_score": -0.70643024130180487, "hotspot_class": "Not Significant" }, "geometry": { "type": "Point", "coordinates": [ -74.012672834932488, 40.742905809027071 ] } },
{ "type": "Feature", "properties": { "score": 93.562942149649544, "gi_z_score": 0.22064419115358522, "hotspot_class": "Not Significant" }, "geometry": { "type": "Point", "coordinates": [ -73.989159785649207, 40.75698239800991 ] } },
{ "type": "Feature", "properties": { "score": 66.077424176406112, "gi_z_score": 0.16762153406241156, "hotspot_class": "Not Significant" }, "geometry": { "type": "Point", "coordinates": [ -73.987849203551917, 40.702012894068623 ] } },
{ "type": "Feature", "properties": { "score": 75.386798300116936, "gi_z_score": -0.16490082552630497, "hotspot_class": "Not Significant" }, "geometry": { "type": "Point", "coordinates": [ -74.017947398442999, 40.739605022434013 ] } },
{ "type": "Feature", "properties": { "score": 81.094107563134585, "gi_z_score": 0.21208352215669399, "hotspot_class": "Not Significant" }, "geometry": { "type": "Point", "coordinates": [ -74.012023059909865, 40.708802798239731 ] } },
{ "type": "Feature", "properties": { "score": 45.499435604836243, "gi_z_score": -0.30219402888559538, "hotspot_class": "Not Significant" }, "geometry": { "type": "Point", "coordinates": [ -73.929485483678292, 40.791565081224348 ] } },
{ "type": "Feature", "properties": { "score": 64.128779611783628, "gi_z_score": 0.44527996857314112, "hotspot_class": "Not Significant" }, "geometry": { "type": "Point", "coordinates": [ -73.966026048376321, 40.796215812792447 ] } },
{ "type": "Feature", "properties": { "score": 90.21010402758651, "gi_z_score": 0.14668349703607045, "hotspot_class": "Not Significant" }, "geometry": { "type": "Point", "coordinates": [ -73.95593054536856, 40.7621683528278 ] } },
{ "type": "Feature", "properties": { "score": 93.106584605237913, "gi_z_score": -0.25199570574637753, "hotspot_class": "Not Significant" }, "geometry": { "type": "Point", "coordinates": [ -73.985119131442616, 40.773728216008301 ] } },
{ "type": "Feature", "properties": { "score": 67.299190250261688, "gi_z_score": 0.13524594445687702, "hotspot_class": "Not Significant" }, "geometry": { "type": "Point", "coordinates": [ -73.935130898440747, 40.730758107896612 ] } },
{ "type": "Feature", "properties": { "score": 40.870039259052255, "gi_z_score": -0.57495971766538589, "hotspot_class": "Not Significant" }, "geometry": { "type": "Point", "coordinates": [ -73.909372199197279, 40.739261318222802 ] } },
{ "type": "Feature", "properties": { "score": 47.658671839542912, "gi_z_score": -0.39627667378790532, "hotspot_class": "Not Significant" }, "geometry": { "type": "Point", "coordinates": [ -73.944045470587369, 40.713241247437843 ] } },
{ "type": "Feature", "properties": { "score": 62.518359691581509, "gi_z_score": 0.052580456729734201, "hotspot_class": "Not Significant" }, "geometry": { "type": "Point", "coordinates": [ -73.912152499193056, 40.753361905207349 ] } },
{ "type": "Feature", "properties": { "score": 59.160401876575435, "gi_z_score": -0.045108694323832577, "hotspot_class": "Not Significant" }, "geometry": { "type": "Point", "coordinates": [ -74.010572616989364, 40.777539535969211 ] } },
{ "type": "Feature", "properties": { "score": 54.266777465913307, "gi_z_score": -0.32591229134851613, "hotspot_class": "Not Significant" }, "geometry": { "type": "Point", "coordinates": [ -73.943374706876568, 40.712191275873309 ] } },
{ "type": "Feature", "properties": { "score": 79.412492625292089, "gi_z_score": 0.36259216289279467, "hotspot_class": "Not Significant" }, "geometry": { "type": "Point", "coordinates": [ -73.947376244160608, 40.741722551140029 ] } },
{ "type": "Feature", "properties": { "score": 90.111778488812433, "gi_z_score": 0.39547075416406752, "hotspot_class": "Not Significant" }, "geometry": { "type": "Point", "coordinates": [ -73.969864599829393, 40.769750329589108 ] } },
{ "type": "Feature", "properties": { "score": 78.123565825774733, "gi_z_score": -0.17868127449586904, "hotspot_class": "Not Significant" }, "geometry": { "type": "Point", "coordinates": [ -73.982092937594231, 40.70895991496625 ] } },
{ "type": "Feature", "properties": { "score": 81.622445641975261, "gi_z_score": 0.44859181839766582, "hotspot_class": "Not Significant" }, "geometry": { "type": "Point", "coordinates": [ -73.999603841604582, 40.710841867645669 ] } },
{ "type": "Feature", "properties": { "score": 58.409906758339957, "gi_z_score": -0.2285567247672638, "hotspot_class": "Not Significant" }, "geometry": { "type": "Point", "coordinates": [ -73.955541337462648, 40.727815852691506 ] } },
{ "type": "Feature", "properties": { "score": 82.375094331310493, "gi_z_score": -0.088157941882945887, "hotspot_class": "Not Significant" }, "geometry": { "type": "Point", "coordinates": [ -74.008861218203506, 40.716821946670755 ] } },
{ "type": "Feature", "properties": { "score": 63.612453018430479, "gi_z_score": -0.57495971766538589, "hotspot_class": "Not Significant" }, "geometry": { "type": "Point", "coordinates": [ -73.910031690362132, 40.742854686899648 ] } },
{ "type": "Feature", "properties": { "score": 75.42409749254918, "gi_z_score": -0.32033010126253825, "hotspot_class": "Not Significant" }, "geometry": { "type": "Point", "coordinates": [ -74.015976241449536, 40.727149873657282 ] } },
{ "type": "Feature", "properties": { "score": 79.149159989180276, "gi_z_score": -0.045108694323832577, "hotspot_class": "Not Significant" }, "geometry": { "type": "Point", "coordinates": [ -74.008913509085218, 40.778549888415533 ] } },
{ "type": "Feature", "properties": { "score": 54.951643943095192, "gi_z_score": -0.030756030697104069, "hotspot_class": "Not Significant" }, "geometry": { "type": "Point", "coordinates": [ -74.030425479343563, 40.788458451503367 ] } },
{ "type": "Feature", "properties": { "score": 83.739102253111056, "gi_z_score": -0.32409533080094755, "hotspot_class": "Not Significant" }, "geometry": { "type": "Point", "coordinates": [ -73.90842796167442, 40.772814961692021 ] } },
{ "type": "Feature", "properties": { "score": 69.707795635957396, "gi_z_score": -0.077884799047730643, "hotspot_class": "Not Significant" }, "geometry": { "type": "Point", "coordinates": [ -74.027804081423682, 40.72948834781976 ] } },
{ "type": "Feature", "properties": { "score": 90.353187791072443, "gi_z_score": -0.27082471526322333, "hotspot_class": "Not Significant" }, "geometry": { "type": "Point", "coordinates": [ -73.926548743258664, 40.759132323440134 ] } },
{ "type": "Feature", "properties": { "score": 96.991267618115728, "gi_z_score": 0.73168692350926923, "hotspot_class": "Not Significant" }, "geometry": { "type": "Point", "coordinates": [ -73.970410365476511, 40.790788230883848 ] } },
{ "type": "Feature", "properties": { "score": 59.958481210578654, "gi_z_score": -0.40264700125265374, "hotspot_class": "Not Significant" }, "geometry": { "type": "Point", "coordinates": [ -74.045209485556796, 40.770366831070362 ] } },
{ "type": "Feature", "properties": { "score": 87.429371164523985, "gi_z_score": 0.64152637210948715, "hotspot_class": "Not Significant" }, "geometry": { "type": "Point", "coordinates": [ -73.949932207339998, 40.773616486431081 ] } },
{ "type": "Feature", "properties": { "score": 53.594950589671228, "gi_z_score": 0.031880522386777653, "hotspot_class": "Not Significant" }, "geometry": { "type": "Point", "coordinates": [ -73.902770735654769, 40.768932838775378 ] } },
{ "type": "Feature", "properties": { "score": 67.841409335385606, "gi_z_score": 0.025238388463203813, "hotspot_class": "Not Significant" }, "geometry": { "type": "Point", "coordinates": [ -73.981745909880118, 40.766638693670679 ] } },
{ "type": "Feature", "properties": { "score": 99.84580890075469, "gi_z_score": 0.48613419149810561, "hotspot_class": "Not Significant" }, "geometry": { "type": "Point", "coordinates": [ -73.928213462662427, 40.716357015512465 ] } },
{ "type": "Feature", "properties": { "score": 43.18895855754382, "gi_z_score": -0.41327041182053026, "hotspot_class": "Not Significant" }, "geometry": { "type": "Point", "coordinates": [ -73.994452391891514, 40.732785784244591 ] } },
{ "type": "Feature", "properties": { "score": 68.672168866673161, "gi_z_score": 0.0099141951234487363, "hotspot_class": "Not Significant" }, "geometry": { "type": "Point", "coordinates": [ -74.017477289945404, 40.728100151225043 ] } },
{ "type": "Feature", "properties": { "score": 80.701889128439461, "gi_z_score": 0.25550508567036628, "hotspot_class": "Not Significant" }, "geometry": { "type": "Point", "coordinates": [ -73.952494305644166, 40.761344048158321 ] } },
{ "type": "Feature", "properties": { "score": 93.390429448386698, "gi_z_score": 0.38340547466992575, "hotspot_class": "Not Significant" }, "geometry": { "type": "Point", "coordinates": [ -74.04797045624764, 40.719391474489072 ] } },
{ "type": "Feature", "properties": { "score": 89.671702980428449, "gi_z_score": 0.51218453619854865, "hotspot_class": "Not Significant" }, "geometry": { "type": "Point", "coordinates": [ -73.96965253666832, 40.794164076765149 ] } },
{ "type": "Feature", "properties": { "score": 66.374745025796116, "gi_z_score": -0.078656684868199808, "hotspot_class": "Not Significant" }, "geometry": { "type": "Point", "coordinates": [ -73.908123273057029, 40.787683538926501 ] } },
{ "type": "Feature", "properties": { "score": 70.647957366092811, "gi_z_score": -0.57467085015158725, "hotspot_class": "Not Significant" }, "geometry": { "type": "Point", "coordinates": [ -73.959969609188107, 40.721843105129167 ] } },
{ "type": "Feature", "properties": { "score": 79.435199756698125, "gi_z_score": 0.37712940960648389, "hotspot_class": "Not Significant" }, "geometry": { "type": "Point", "coordinates": [ -73.968655725983695, 40.798054687766196 ] } },
{ "type": "Feature", "properties": { "score": 79.055791891253733, "gi_z_score": 0.35893681418502371, "hotspot_class": "Not Significant" }, "geometry": { "type": "Point", "coordinates": [ -73.928058802755771, 40.714522942203288 ] } },
{ "type": "Feature", "properties": { "score": 84.146706021749367, "gi_z_score": 0.21208352215669399, "hotspot_class": "Not Significant" }, "geometry": { "type": "Point", "coordinates": [ -74.01099231526058, 40.710501522832608 ] } },
{ "type": "Feature", "properties": { "score": 64.351965781204598, "gi_z_score": -0.18944080638579028, "hotspot_class": "Not Significant" }, "geometry": { "type": "Point", "coordinates": [ -74.041907161090265, 40.759096475619408 ] } },
{ "type": "Feature", "properties": { "score": 50.51069862441787, "gi_z_score": 0.2113562221058104, "hotspot_class": "Not Significant" }, "geometry": { "type": "Point", "coordinates": [ -73.905443259624164, 40.716001201075912 ] } },
{ "type": "Feature", "properties": { "score": 55.470888928787595, "gi_z_score": -0.075058263609129969, "hotspot_class": "Not Significant" }, "geometry": { "type": "Point", "coordinates": [ -74.005590593149932, 40.779407519585028 ] } },
{ "type": "Feature", "properties": { "score": 72.035874136188568, "gi_z_score": 0.30354880193560818, "hotspot_class": "Not Significant" }, "geometry": { "type": "Point", "coordinates": [ -73.92787347759311, 40.74372063151165 ] } },
{ "type": "Feature", "properties": { "score": 74.112966174286129, "gi_z_score": 0.36487194517419735, "hotspot_class": "Not Significant" }, "geometry": { "type": "Point", "coordinates": [ -73.941734621804741, 40.765673046470297 ] } },
{ "type": "Feature", "properties": { "score": 42.912661709560268, "gi_z_score": 0.3035512039063949, "hotspot_class": "Not Significant" }, "geometry": { "type": "Point", "coordinates": [ -73.905518359506488, 40.701905893252096 ] } },
{ "type": "Feature", "properties": { "score": 89.030054528390437, "gi_z_score": -0.069899970646212062, "hotspot_class": "Not Significant" }, "geometry": { "type": "Point", "coordinates": [ -74.019026250656538, 40.797586616678977 ] } },
{ "type": "Feature", "properties": { "score": 78.708484842498308, "gi_z_score": 0.38911053078297103, "hotspot_class": "Not Significant" }, "geometry": { "type": "Point", "coordinates": [ -73.976692852052551, 40.791907456579452 ] } },
{ "type": "Feature", "properties": { "score": 98.239718713934622, "gi_z_score": 0.63175421074785154, "hotspot_class": "Not Significant" }, "geometry": { "type": "Point", "coordinates": [ -73.933376472218313, 40.722655752218088 ] } },
{ "type": "Feature", "properties": { "score": 49.696710644478181, "gi_z_score": 0.062180113355518131, "hotspot_class": "Not Significant" }, "geometry": { "type": "Point", "coordinates": [ -74.029744223241082, 40.735398327377979 ] } },
{ "type": "Feature", "properties": { "score": 48.661665649912742, "gi_z_score": -0.26892237213370496, "hotspot_class": "Not Significant" }, "geometry": { "type": "Point", "coordinates": [ -73.918122160576686, 40.726405337343444 ] } },
{ "type": "Feature", "properties": { "score": 92.363701444786955, "gi_z_score": -0.13068613802997281, "hotspot_class": "Not Significant" }, "geometry": { "type": "Point", "coordinates": [ -73.937748497598022, 40.798431745197078 ] } },
{ "type": "Feature", "properties": { "score": 91.612700551456669, "gi_z_score": 0.62607516705670541, "hotspot_class": "Not Significant" }, "geometry": { "type": "Point", "coordinates": [ -74.022005936260584, 40.703019040394409 ] } },
{ "type": "Feature", "properties": { "score": 95.00910407513561, "gi_z_score": 0.37115108066700403, "hotspot_class": "Not Significant" }, "geometry": { "type": "Point", "coordinates": [ -73.975989028798651, 40.786472548779187 ] } },
{ "type": "Feature", "properties": { "score": 62.51099723711377, "gi_z_score": -0.068342026199117084, "hotspot_class": "Not Significant" }, "geometry": { "type": "Point", "coordinates": [ -73.952892496173547, 40.799923571887348 ] } },
{ "type": "Feature", "properties": { "score": 79.875382714973654, "gi_z_score": -0.34445792268256203, "hotspot_class": "Not Significant" }, "geometry": { "type": "Point", "coordinates": [ -73.905710867694182, 40.771028796492033 ] } },
{ "type": "Feature", "properties": { "score": 96.625750511407347, "gi_z_score": -0.070626913609113176, "hotspot_class": "Not Significant" }, "geometry": { "type": "Point", "coordinates": [ -73.91405097643532, 40.7861549441159 ] } },
{ "type": "Feature", "properties": { "score": 75.099482829300982, "gi_z_score": -0.24089165944730642, "hotspot_class": "Not Significant" }, "geometry": { "type": "Point", "coordinates": [ -73.958114640902124, 40.797078382233302 ] } },
{ "type": "Feature", "properties": { "score": 48.869365621084015, "gi_z_score": -0.77030311882765024, "hotspot_class": "Not Significant" }, "geometry": { "type": "Point", "coordinates": [ -74.01272127365327, 40.746156269645013 ] } },
{ "type": "Feature", "properties": { "score": 93.294807741206597, "gi_z_score": 0.18797499017407332, "hotspot_class": "Not Significant" }, "geometry": { "type": "Point", "coordinates": [ -73.997621841785261, 40.718652695158831 ] } },
{ "type": "Feature", "properties": { "score": 84.402934612121371, "gi_z_score": 0.56804306261199899, "hotspot_class": "Not Significant" }, "geometry": { "type": "Point", "coordinates": [ -74.020324419797618, 40.708433382867788 ] } },
{ "type": "Feature", "properties": { "score": 40.278691681832434, "gi_z_score": -0.15622465998530641, "hotspot_class": "Not Significant" }, "geometry": { "type": "Point", "coordinates": [ -73.944474326338423, 40.730837156917985 ] } },
{ "type": "Feature", "properties": { "score": 76.603065541513075, "gi_z_score": -0.0040938325557922685, "hotspot_class": "Not Significant" }, "geometry": { "type": "Point", "coordinates": [ -73.952942251873196, 40.737038834040874 ] } },
{ "type": "Feature", "properties": { "score": 50.413724631979292, "gi_z_score": 0.25802502076180395, "hotspot_class": "Not Significant" }, "geometry": { "type": "Point", "coordinates": [ -74.037656681003909, 40.724670128171603 ] } },
{ "type": "Feature", "properties": { "score": 98.884325968830524, "gi_z_score": 0.32830433452130853, "hotspot_class": "Not Significant" }, "geometry": { "type": "Point", "coordinates": [ -73.910880792867871, 40.705443916767329 ] } },
{ "type": "Feature", "properties": { "score": 49.554128080603206, "gi_z_score": 0.54754883736366589, "hotspot_class": "Not Significant" }, "geometry": { "type": "Point", "coordinates": [ -73.980582032950338, 40.760684525176252 ] } },
{ "type": "Feature", "properties": { "score": 52.058629416585532, "gi_z_score": -0.19944576042922521, "hotspot_class": "Not Significant" }, "geometry": { "type": "Point", "coordinates": [ -73.999961202859865, 40.795140966864594 ] } },
{ "type": "Feature", "properties": { "score": 49.096413758471911, "gi_z_score": -0.14406598494316702, "hotspot_class": "Not Significant" }, "geometry": { "type": "Point", "coordinates": [ -73.997126658064687, 40.728341252809749 ] } },
{ "type": "Feature", "properties": { "score": 45.795253774379738, "gi_z_score": -0.61515154038225073, "hotspot_class": "Not Significant" }, "geometry": { "type": "Point", "coordinates": [ -73.920516530618201, 40.760828370300196 ] } },
{ "type": "Feature", "properties": { "score": 97.917454755354413, "gi_z_score": 0.00056908703954172636, "hotspot_class": "Not Significant" }, "geometry": { "type": "Point", "coordinates": [ -74.002190569054903, 40.797259900608481 ] } },
{ "type": "Feature", "properties": { "score": 96.353713915491056, "gi_z_score": -0.056184444205997483, "hotspot_class": "Not Significant" }, "geometry": { "type": "Point", "coordinates": [ -73.961270605174775, 40.739349451525904 ] } },
{ "type": "Feature", "properties": { "score": 41.182020387066338, "gi_z_score": -0.26751956137098076, "hotspot_class": "Not Significant" }, "geometry": { "type": "Point", "coordinates": [ -74.013577675760345, 40.769011362365752 ] } },
{ "type": "Feature", "properties": { "score": 68.884349060851889, "gi_z_score": -0.058996740445921451, "hotspot_class": "Not Significant" }, "geometry": { "type": "Point", "coordinates": [ -73.978954942552733, 40.779813271281327 ] } },
{ "type": "Feature", "properties": { "score": 56.698578732158495, "gi_z_score": -0.31142353949834978, "hotspot_class": "Not Significant" }, "geometry": { "type": "Point", "coordinates": [ -73.999901801040664, 40.784436101640438 ] } },
{ "type": "Feature", "properties": { "score": 41.564406106310415, "gi_z_score": 0.042744992550201137, "hotspot_class": "Not Significant" }, "geometry": { "type": "Point", "coordinates": [ -74.02827238848154, 40.756226332553936 ] } },
{ "type": "Feature", "properties": { "score": 70.379361426901397, "gi_z_score": 0.10754651181991459, "hotspot_class": "Not Significant" }, "geometry": { "type": "Point", "coordinates": [ -73.901355952669519, 40.759275879628603 ] } },
{ "type": "Feature", "properties": { "score": 43.009840638211827, "gi_z_score": -0.77030311882765024, "hotspot_class": "Not Significant" }, "geometry": { "type": "Point", "coordinates": [ -74.011474959991261, 40.744028257433328 ] } },
{ "type": "Feature", "properties": { "score": 62.536051279174011, "gi_z_score": -0.446527465898231, "hotspot_class": "Not Significant" }, "geometry": { "type": "Point", "coordinates": [ -73.910688976936001, 40.779382909144545 ] } },
{ "type": "Feature", "properties": { "score": 76.009693463666721, "gi_z_score": 0.26732010409575785, "hotspot_class": "Not Significant" }, "geometry": { "type": "Point", "coordinates": [ -74.019532177933712, 40.713134688725525 ] } },
{ "type": "Feature", "properties": { "score": 67.285296986815155, "gi_z_score": 0.33558283847196613, "hotspot_class": "Not Significant" }, "geometry": { "type": "Point", "coordinates": [ -73.998697712207573, 40.718828158840935 ] } },
{ "type": "Feature", "properties": { "score": 58.865846852868955, "gi_z_score": -0.5384299702222104, "hotspot_class": "Not Significant" }, "geometry": { "type": "Point", "coordinates": [ -73.91159707697507, 40.736023214996798 ] } },
{ "type": "Feature", "properties": { "score": 59.610360630820004, "gi_z_score": -0.15534654958140495, "hotspot_class": "Not Significant" }, "geometry": { "type": "Point", "coordinates": [ -73.920824594866161, 40.7443900739787 ] } },
{ "type": "Feature", "properties": { "score": 59.341503730336314, "gi_z_score": 0.0049135325756690463, "hotspot_class": "Not Significant" }, "geometry": { "type": "Point", "coordinates": [ -73.912960475054547, 40.773757644077484 ] } },
{ "type": "Feature", "properties": { "score": 90.94747722840539, "gi_z_score": -0.0032763820446595924, "hotspot_class": "Not Significant" }, "geometry": { "type": "Point", "coordinates": [ -74.036987707985162, 40.78734613222155 ] } },
{ "type": "Feature", "properties": { "score": 92.905284627336357, "gi_z_score": -0.76090003740034118, "hotspot_class": "Not Significant" }, "geometry": { "type": "Point", "coordinates": [ -73.909600101251868, 40.734612435059439 ] } },
{ "type": "Feature", "properties": { "score": 85.89773707606264, "gi_z_score": 0.68894969914501292, "hotspot_class": "Not Significant" }, "geometry": { "type": "Point", "coordinates": [ -74.049916708037912, 40.7140309008836 ] } },
{ "type": "Feature", "properties": { "score": 97.090254693024349, "gi_z_score": -0.13107496206434743, "hotspot_class": "Not Significant" }, "geometry": { "type": "Point", "coordinates": [ -73.9747673080917, 40.704345217318938 ] } },
{ "type": "Feature", "properties": { "score": 57.857294881202243, "gi_z_score": 0.14668349703607045, "hotspot_class": "Not Significant" }, "geometry": { "type": "Point", "coordinates": [ -73.957829034985693, 40.762220055980201 ] } },
{ "type": "Feature", "properties": { "score": 60.261498941079026, "gi_z_score": -0.2586555878998566, "hotspot_class": "Not Significant" }, "geometry": { "type": "Point", "coordinates": [ -73.910558849832796, 40.781581363804413 ] } },
{ "type": "Feature", "properties": { "score": 96.570514130678418, "gi_z_score": 0.49850406498088407, "hotspot_class": "Not Significant" }, "geometry": { "type": "Point", "coordinates": [ -73.945541925960129, 40.769804451537063 ] } },
{ "type": "Feature", "properties": { "score": 79.359806291553468, "gi_z_score": 0.34935255070086002, "hotspot_class": "Not Significant" }, "geometry": { "type": "Point", "coordinates": [ -73.990567260026793, 40.708062440160901 ] } },
{ "type": "Feature", "properties": { "score": 65.854616110977744, "gi_z_score": 0.11946446793622631, "hotspot_class": "Not Significant" }, "geometry": { "type": "Point", "coordinates": [ -73.965025623057187, 40.707715475781164 ] } },
{ "type": "Feature", "properties": { "score": 90.802151573338691, "gi_z_score": 0.68831938480587918, "hotspot_class": "Not Significant" }, "geometry": { "type": "Point", "coordinates": [ -74.002282770495555, 40.705402970952605 ] } },
{ "type": "Feature", "properties": { "score": 41.647984961473504, "gi_z_score": 0.019618062947204824, "hotspot_class": "Not Significant" }, "geometry": { "type": "Point", "coordinates": [ -73.934746717538573, 40.756467951971182 ] } },
{ "type": "Feature", "properties": { "score": 59.537930797089878, "gi_z_score": 0.2233433009138853, "hotspot_class": "Not Significant" }, "geometry": { "type": "Point", "coordinates": [ -73.904903728629009, 40.760087309747142 ] } },
{ "type": "Feature", "properties": { "score": 65.517809810044582, "gi_z_score": -0.24031218031472049, "hotspot_class": "Not Significant" }, "geometry": { "type": "Point", "coordinates": [ -73.954312347198652, 40.792734407794867 ] } },
{ "type": "Feature", "properties": { "score": 63.718406364079385, "gi_z_score": -0.13571231198650524, "hotspot_class": "Not Significant" }, "geometry": { "type": "Point", "coordinates": [ -73.972315657242646, 40.726561255311431 ] } },
{ "type": "Feature", "properties": { "score": 56.010339382829542, "gi_z_score": -0.069899970646212062, "hotspot_class": "Not Significant" }, "geometry": { "type": "Point", "coordinates": [ -74.019954216132547, 40.794200954701708 ] } },
{ "type": "Feature", "properties": { "score": 65.217300303314985, "gi_z_score": -0.48153214113788823, "hotspot_class": "Not Significant" }, "geometry": { "type": "Point", "coordinates": [ -73.922199404921145, 40.750459265866063 ] } },
{ "type": "Feature", "properties": { "score": 79.065541703920488, "gi_z_score": 0.27750402909190541, "hotspot_class": "Not Significant" }, "geometry": { "type": "Point", "coordinates": [ -73.993904741463282, 40.753027440510891 ] } },
{ "type": "Feature", "properties": { "score": 72.422115299174834, "gi_z_score": -0.089542786164721291, "hotspot_class": "Not Significant" }, "geometry": { "type": "Point", "coordinates": [ -74.008739264932913, 40.775141710863153 ] } },
{ "type": "Feature", "properties": { "score": 48.269407806814456, "gi_z_score": -0.26687731365101236, "hotspot_class": "Not Significant" }, "geometry": { "type": "Point", "coordinates": [ -74.032651575365009, 40.776429827552668 ] } },
{ "type": "Feature", "properties": { "score": 54.802225499734725, "gi_z_score": 0.099448342078578236, "hotspot_class": "Not Significant" }, "geometry": { "type": "Point", "coordinates": [ -73.933900256932503, 40.736057936333623 ] } },
{ "type": "Feature", "properties": { "score": 69.141236685993732, "gi_z_score": -0.26255018599641478, "hotspot_class": "Not Significant" }, "geometry": { "type": "Point", "coordinates": [ -73.914106223467243, 40.747642431324032 ] } },
{ "type": "Feature", "properties": { "score": 89.151874208671671, "gi_z_score": -0.15218033970904998, "hotspot_class": "Not Significant" }, "geometry": { "type": "Point", "coordinates": [ -73.96514048309399, 40.774618427738169 ] } },
{ "type": "Feature", "properties": { "score": 49.992058286289847, "gi_z_score": 0.071562719143211773, "hotspot_class": "Not Significant" }, "geometry": { "type": "Point", "coordinates": [ -73.971806533571666, 40.769888267546243 ] } },
{ "type": "Feature", "properties": { "score": 66.071383127295064, "gi_z_score": 0.14849497760264294, "hotspot_class": "Not Significant" }, "geometry": { "type": "Point", "coordinates": [ -74.033627336234389, 40.796211623781893 ] } },
{ "type": "Feature", "properties": { "score": 63.112560070430433, "gi_z_score": 0.18273676245369325, "hotspot_class": "Not Significant" }, "geometry": { "type": "Point", "coordinates": [ -74.047638557922028, 40.786728877587102 ] } },
{ "type": "Feature", "properties": { "score": 85.988288223946569, "gi_z_score": 0.11746234887416318, "hotspot_class": "Not Significant" }, "geometry": { "type": "Point", "coordinates": [ -74.018667470504113, 40.785749395174882 ] } },
{ "type": "Feature", "properties": { "score": 49.101089436886781, "gi_z_score": 0.095780602876144941, "hotspot_class": "Not Significant" }, "geometry": { "type": "Point", "coordinates": [ -73.954662662040121, 40.738559131691176 ] } },
{ "type": "Feature", "properties": { "score": 45.381867547949824, "gi_z_score": -0.4867666339672051, "hotspot_class": "Not Significant" }, "geometry": { "type": "Point", "coordinates": [ -73.949370104949423, 40.730319397764269 ] } },
{ "type": "Feature", "properties": { "score": 58.541969730088759, "gi_z_score": -0.40465856138311096, "hotspot_class": "Not Significant" }, "geometry": { "type": "Point", "coordinates": [ -73.976930143048236, 40.700780922590134 ] } },
{ "type": "Feature", "properties": { "score": 88.610085045238151, "gi_z_score": -0.19944576042922521, "hotspot_class": "Not Significant" }, "geometry": { "type": "Point", "coordinates": [ -73.99981702212672, 40.793019511594295 ] } },
{ "type": "Feature", "properties": { "score": 97.412573029879667, "gi_z_score": 0.1516933157047039, "hotspot_class": "Not Significant" }, "geometry": { "type": "Point", "coordinates": [ -74.04582571968416, 40.795789615558 ] } },
{ "type": "Feature", "properties": { "score": 71.164349379606463, "gi_z_score": -0.025205015400788754, "hotspot_class": "Not Significant" }, "geometry": { "type": "Point", "coordinates": [ -73.916239893885574, 40.771140119348324 ] } },
{ "type": "Feature", "properties": { "score": 53.78369803419298, "gi_z_score": -0.47862734770940435, "hotspot_class": "Not Significant" }, "geometry": { "type": "Point", "coordinates": [ -73.932065657251655, 40.784781182243798 ] } },
{ "type": "Feature", "properties": { "score": 74.266358183369761, "gi_z_score": -0.14065514714873262, "hotspot_class": "Not Significant" }, "geometry": { "type": "Point", "coordinates": [ -73.933662941042797, 40.774614039635438 ] } },
{ "type": "Feature", "properties": { "score": 62.922687420690352, "gi_z_score": 0.39869971926152908, "hotspot_class": "Not Significant" }, "geometry": { "type": "Point", "coordinates": [ -73.92593964975147, 40.738621713533369 ] } },
{ "type": "Feature", "properties": { "score": 96.644254673235238, "gi_z_score": 0.37850770933087957, "hotspot_class": "Not Significant" }, "geometry": { "type": "Point", "coordinates": [ -74.022978860923956, 40.747736617697953 ] } },
{ "type": "Feature", "properties": { "score": 86.778732857359188, "gi_z_score": 0.75541604600628209, "hotspot_class": "Not Significant" }, "geometry": { "type": "Point", "coordinates": [ -73.985448659322088, 40.752767322858226 ] } },
{ "type": "Feature", "properties": { "score": 58.263223766353519, "gi_z_score": -0.35371243282056747, "hotspot_class": "Not Significant" }, "geometry": { "type": "Point", "coordinates": [ -73.999551104842155, 40.757669582698149 ] } },
{ "type": "Feature", "properties": { "score": 99.006973656577458, "gi_z_score": -0.025205015400788754, "hotspot_class": "Not Significant" }, "geometry": { "type": "Point", "coordinates": [ -73.915902550187226, 40.771814960297384 ] } },
{ "type": "Feature", "properties": { "score": 96.676854182137049, "gi_z_score": 0.065424717397426377, "hotspot_class": "Not Significant" }, "geometry": { "type": "Point", "coordinates": [ -73.989171840481944, 40.769595781581906 ] } },
{ "type": "Feature", "properties": { "score": 59.636020870829682, "gi_z_score": 0.018277386492578842, "hotspot_class": "Not Significant" }, "geometry": { "type": "Point", "coordinates": [ -73.913416836304847, 40.73014271152806 ] } },
{ "type": "Feature", "properties": { "score": 68.667454178309157, "gi_z_score": 0.53645415831282839, "hotspot_class": "Not Significant" }, "geometry": { "type": "Point", "coordinates": [ -74.026642416990924, 40.70672811504069 ] } },
{ "type": "Feature", "properties": { "score": 78.988663024935633, "gi_z_score": 0.0912691892439077, "hotspot_class": "Not Significant" }, "geometry": { "type": "Point", "coordinates": [ -73.926717347281908, 40.734872644657187 ] } },
{ "type": "Feature", "properties": { "score": 81.78442401689415, "gi_z_score": -0.36905943625687837, "hotspot_class": "Not Significant" }, "geometry": { "type": "Point", "coordinates": [ -73.915346157323313, 40.720228520450981 ] } },
{ "type": "Feature", "properties": { "score": 60.882365075148982, "gi_z_score": -0.21093904521798601, "hotspot_class": "Not Significant" }, "geometry": { "type": "Point", "coordinates": [ -73.976717393788348, 40.710020687298211 ] } },
{ "type": "Feature", "properties": { "score": 95.882561861132189, "gi_z_score": 0.57858228544099088, "hotspot_class": "Not Significant" }, "geometry": { "type": "Point", "coordinates": [ -73.948467804298161, 40.77394430172631 ] } },
{ "type": "Feature", "properties": { "score": 88.294384047150984, "gi_z_score": -0.17961009071378395, "hotspot_class": "Not Significant" }, "geometry": { "type": "Point", "coordinates": [ -73.924870178199271, 40.788720474120176 ] } },
{ "type": "Feature", "properties": { "score": 64.519495822802185, "gi_z_score": -0.35857178730269651, "hotspot_class": "Not Significant" }, "geometry": { "type": "Point", "coordinates": [ -73.957281111174979, 40.70884774488821 ] } },
{ "type": "Feature", "properties": { "score": 49.832467194880238, "gi_z_score": -0.3997659593460326, "hotspot_class": "Not Significant" }, "geometry": { "type": "Point", "coordinates": [ -73.912812938546026, 40.795864909172444 ] } },
{ "type": "Feature", "properties": { "score": 69.869168924838036, "gi_z_score": -0.3442207527332084, "hotspot_class": "Not Significant" }, "geometry": { "type": "Point", "coordinates": [ -73.929096443296075, 40.785717992620206 ] } },
{ "type": "Feature", "properties": { "score": 43.928808757124997, "gi_z_score": -0.57492294931874299, "hotspot_class": "Not Significant" }, "geometry": { "type": "Point", "coordinates": [ -74.032263404975069, 40.74268886690723 ] } },
{ "type": "Feature", "properties": { "score": 58.17439002280075, "gi_z_score": -0.5771031151885968, "hotspot_class": "Not Significant" }, "geometry": { "type": "Point", "coordinates": [ -74.016104006024179, 40.744360985731447 ] } },
{ "type": "Feature", "properties": { "score": 57.396807709913659, "gi_z_score": -0.13068613802997281, "hotspot_class": "Not Significant" }, "geometry": { "type": "Point", "coordinates": [ -73.93741603698524, 40.796883662340917 ] } },
{ "type": "Feature", "properties": { "score": 93.317354438672723, "gi_z_score": 0.59909211872265011, "hotspot_class": "Not Significant" }, "geometry": { "type": "Point", "coordinates": [ -74.046066901528448, 40.714032157321938 ] } },
{ "type": "Feature", "properties": { "score": 75.980286506687094, "gi_z_score": 0.28225976532202379, "hotspot_class": "Not Significant" }, "geometry": { "type": "Point", "coordinates": [ -73.908366390660902, 40.755480758459129 ] } },
{ "type": "Feature", "properties": { "score": 72.752584068578585, "gi_z_score": 0.62921390676298583, "hotspot_class": "Not Significant" }, "geometry": { "type": "Point", "coordinates": [ -73.972651959070092, 40.740619219901312 ] } },
{ "type": "Feature", "properties": { "score": 83.189715801683846, "gi_z_score": 0.21948729950506179, "hotspot_class": "Not Significant" }, "geometry": { "type": "Point", "coordinates": [ -73.917170280573131, 40.704349391948597 ] } },
{ "type": "Feature", "properties": { "score": 62.65274253178341, "gi_z_score": -0.20141997265630257, "hotspot_class": "Not Significant" }, "geometry": { "type": "Point", "coordinates": [ -74.005232042265746, 40.725433023937121 ] } },
{ "type": "Feature", "properties": { "score": 52.949330152010177, "gi_z_score": -0.20609892415510975, "hotspot_class": "Not Significant" }, "geometry": { "type": "Point", "coordinates": [ -73.923595325970197, 40.715702433651181 ] } },
{ "type": "Feature", "properties": { "score": 83.853087955304886, "gi_z_score": -0.10168842354090701, "hotspot_class": "Not Significant" }, "geometry": { "type": "Point", "coordinates": [ -73.973667392917335, 40.726538058409851 ] } },
{ "type": "Feature", "properties": { "score": 49.344992631689365, "gi_z_score": -0.0040001000262867596, "hotspot_class": "Not Significant" }, "geometry": { "type": "Point", "coordinates": [ -74.021298179510978, 40.721249515449976 ] } },
{ "type": "Feature", "properties": { "score": 45.821990209629995, "gi_z_score": -0.23464760553232569, "hotspot_class": "Not Significant" }, "geometry": { "type": "Point", "coordinates": [ -74.033036992883524, 40.769226223863818 ] } },
{ "type": "Feature", "properties": { "score": 71.376095506109095, "gi_z_score": 0.62921390676298583, "hotspot_class": "Not Significant" }, "geometry": { "type": "Point", "coordinates": [ -73.972889346385443, 40.738343635910482 ] } },
{ "type": "Feature", "properties": { "score": 43.954730301601117, "gi_z_score": -0.29284956493215336, "hotspot_class": "Not Significant" }, "geometry": { "type": "Point", "coordinates": [ -73.961786997314491, 40.787180424877207 ] } },
{ "type": "Feature", "properties": { "score": 74.250675456678451, "gi_z_score": 0.1516933157047039, "hotspot_class": "Not Significant" }, "geometry": { "type": "Point", "coordinates": [ -74.045367121039746, 40.792462473964761 ] } },
{ "type": "Feature", "properties": { "score": 87.523892508726988, "gi_z_score": 0.5920937387862224, "hotspot_class": "Not Significant" }, "geometry": { "type": "Point", "coordinates": [ -73.976252239284435, 40.742087943745801 ] } },
{ "type": "Feature", "properties": { "score": 43.072211485112632, "gi_z_score": -0.52128695098168676, "hotspot_class": "Not Significant" }, "geometry": { "type": "Point", "coordinates": [ -73.958097944529229, 40.717601524814647 ] } },
{ "type": "Feature", "properties": { "score": 78.378070957352378, "gi_z_score": -0.58288317235286446, "hotspot_class": "Not Significant" }, "geometry": { "type": "Point", "coordinates": [ -73.933059315277006, 40.791731101302354 ] } },
{ "type": "Feature", "properties": { "score": 78.668702156056824, "gi_z_score": 0.33755638300010699, "hotspot_class": "Not Significant" }, "geometry": { "type": "Point", "coordinates": [ -73.962960520230524, 40.763022671508011 ] } },
{ "type": "Feature", "properties": { "score": 78.966941370922996, "gi_z_score": 0.52727885598630242, "hotspot_class": "Not Significant" }, "geometry": { "type": "Point", "coordinates": [ -73.938678245569719, 40.720215087352344 ] } },
{ "type": "Feature", "properties": { "score": 61.231732954186739, "gi_z_score": -0.13913803610708844, "hotspot_class": "Not Significant" }, "geometry": { "type": "Point", "coordinates": [ -73.93609183734651, 40.781041487478021 ] } },
{ "type": "Feature", "properties": { "score": 98.475189094648584, "gi_z_score": -0.17585771029994021, "hotspot_class": "Not Significant" }, "geometry": { "type": "Point", "coordinates": [ -73.994555971286673, 40.789169213435144 ] } },
{ "type": "Feature", "properties": { "score": 62.105525776737856, "gi_z_score": -0.18416773734348454, "hotspot_class": "Not Significant" }, "geometry": { "type": "Point", "coordinates": [ -73.942183530005124, 40.715078730975812 ] } },
{ "type": "Feature", "properties": { "score": 46.099680154572354, "gi_z_score": -0.20004586958431983, "hotspot_class": "Not Significant" }, "geometry": { "type": "Point", "coordinates": [ -73.912821399160762, 40.776001001826849 ] } },
{ "type": "Feature", "properties": { "score": 69.078636451465286, "gi_z_score": -0.0097681885073019475, "hotspot_class": "Not Significant" }, "geometry": { "type": "Point", "coordinates": [ -73.94138565298698, 40.703800129488442 ] } },
{ "type": "Feature", "properties": { "score": 92.634956478072084, "gi_z_score": 0.89731413039401253, "hotspot_class": "Not Significant" }, "geometry": { "type": "Point", "coordinates": [ -74.013601704050231, 40.700743792950355 ] } },
{ "type": "Feature", "properties": { "score": 52.446423236221264, "gi_z_score": 0.21948729950506179, "hotspot_class": "Not Significant" }, "geometry": { "type": "Point", "coordinates": [ -73.916438718450166, 40.704506249539271 ] } },
{ "type": "Feature", "properties": { "score": 90.648599867787823, "gi_z_score": 0.21948729950506179, "hotspot_class": "Not Significant" }, "geometry": { "type": "Point", "coordinates": [ -73.918359375359202, 40.706690216174572 ] } },
{ "type": "Feature", "properties": { "score": 96.925493230833524, "gi_z_score": 0.6992223414787001, "hotspot_class": "Not Significant" }, "geometry": { "type": "Point", "coordinates": [ -73.97637024514195, 40.75800653413647 ] } },
{ "type": "Feature", "properties": { "score": 82.241015192960191, "gi_z_score": -0.18306036849621338, "hotspot_class": "Not Significant" }, "geometry": { "type": "Point", "coordinates": [ -73.9167647490722, 40.776241775251627 ] } },
{ "type": "Feature", "properties": { "score": 93.078647230204055, "gi_z_score": -0.20963737827091003, "hotspot_class": "Not Significant" }, "geometry": { "type": "Point", "coordinates": [ -73.948099996401837, 40.791760059598325 ] } },
{ "type": "Feature", "properties": { "score": 49.437650347019584, "gi_z_score": 0.14170137754718407, "hotspot_class": "Not Significant" }, "geometry": { "type": "Point", "coordinates": [ -74.047812910790199, 40.732006730759764 ] } },
{ "type": "Feature", "properties": { "score": 92.680930664844112, "gi_z_score": 0.40317791175010437, "hotspot_class": "Not Significant" }, "geometry": { "type": "Point", "coordinates": [ -74.014151463828497, 40.785648643268388 ] } },
{ "type": "Feature", "properties": { "score": 80.21171891306895, "gi_z_score": -0.74626084946134996, "hotspot_class": "Not Significant" }, "geometry": { "type": "Point", "coordinates": [ -74.000886517925579, 40.735035187935125 ] } },
{ "type": "Feature", "properties": { "score": 45.418149166196301, "gi_z_score": -0.078939692051197649, "hotspot_class": "Not Significant" }, "geometry": { "type": "Point", "coordinates": [ -73.953886227825478, 40.70123125166225 ] } },
{ "type": "Feature", "properties": { "score": 92.58066259624276, "gi_z_score": -0.44545463550900755, "hotspot_class": "Not Significant" }, "geometry": { "type": "Point", "coordinates": [ -73.915255311620527, 40.723558788638037 ] } },
{ "type": "Feature", "properties": { "score": 74.024673818375703, "gi_z_score": 0.05758246755750137, "hotspot_class": "Not Significant" }, "geometry": { "type": "Point", "coordinates": [ -74.011312109395547, 40.783107419961915 ] } },
{ "type": "Feature", "properties": { "score": 50.130211580585886, "gi_z_score": 0.052580456729734201, "hotspot_class": "Not Significant" }, "geometry": { "type": "Point", "coordinates": [ -73.913259904145903, 40.754568661430532 ] } },
{ "type": "Feature", "properties": { "score": 59.956032888609847, "gi_z_score": 0.1987541216462792, "hotspot_class": "Not Significant" }, "geometry": { "type": "Point", "coordinates": [ -73.94720439214548, 40.778607372471711 ] } },
{ "type": "Feature", "properties": { "score": 96.774799346493836, "gi_z_score": 0.892152928059322, "hotspot_class": "Not Significant" }, "geometry": { "type": "Point", "coordinates": [ -73.930687708299075, 40.717376062272457 ] } },
{ "type": "Feature", "properties": { "score": 44.693060618673535, "gi_z_score": -0.045486910775750393, "hotspot_class": "Not Significant" }, "geometry": { "type": "Point", "coordinates": [ -73.984256598812294, 40.704268539885042 ] } },
{ "type": "Feature", "properties": { "score": 97.010284690225973, "gi_z_score": 0.053095611716588005, "hotspot_class": "Not Significant" }, "geometry": { "type": "Point", "coordinates": [ -73.985544846848896, 40.710339431803312 ] } },
{ "type": "Feature", "properties": { "score": 90.869889135034242, "gi_z_score": -0.27524679777826422, "hotspot_class": "Not Significant" }, "geometry": { "type": "Point", "coordinates": [ -73.91612292811601, 40.725808515795215 ] } },
{ "type": "Feature", "properties": { "score": 73.832946656775704, "gi_z_score": -0.29737542455227628, "hotspot_class": "Not Significant" }, "geometry": { "type": "Point", "coordinates": [ -74.033388575586017, 40.779261806206023 ] } },
{ "type": "Feature", "properties": { "score": 74.846596664312983, "gi_z_score": -0.072075520640181773, "hotspot_class": "Not Significant" }, "geometry": { "type": "Point", "coordinates": [ -73.936838759204264, 40.732792707835799 ] } },
{ "type": "Feature", "properties": { "score": 52.080209128799261, "gi_z_score": -0.3442207527332084, "hotspot_class": "Not Significant" }, "geometry": { "type": "Point", "coordinates": [ -73.928104426515986, 40.78770038128436 ] } },
{ "type": "Feature", "properties": { "score": 79.218712105401636, "gi_z_score": 0.21948729950506179, "hotspot_class": "Not Significant" }, "geometry": { "type": "Point", "coordinates": [ -73.915937615939242, 40.703213479545006 ] } },
{ "type": "Feature", "properties": { "score": 67.662198203585092, "gi_z_score": -0.68294068941836983, "hotspot_class": "Not Significant" }, "geometry": { "type": "Point", "coordinates": [ -74.030032649800646, 40.740560025245969 ] } },
{ "type": "Feature", "properties": { "score": 74.056774844907522, "gi_z_score": -0.42484736290200215, "hotspot_class": "Not Significant" }, "geometry": { "type": "Point", "coordinates": [ -74.034100110056031, 40.752727730960316 ] } },
{ "type": "Feature", "properties": { "score": 43.471481446467671, "gi_z_score": -0.08053682432780529, "hotspot_class": "Not Significant" }, "geometry": { "type": "Point", "coordinates": [ -74.02525625846441, 40.726617557628281 ] } },
{ "type": "Feature", "properties": { "score": 68.649189287655958, "gi_z_score": 0.25772796113967034, "hotspot_class": "Not Significant" }, "geometry": { "type": "Point", "coordinates": [ -74.031138822210522, 40.754824263706134 ] } },
{ "type": "Feature", "properties": { "score": 72.770691644491862, "gi_z_score": -0.19782895209978618, "hotspot_class": "Not Significant" }, "geometry": { "type": "Point", "coordinates": [ -73.939836241005409, 40.779279759825393 ] } },
{ "type": "Feature", "properties": { "score": 75.289679504320887, "gi_z_score": -0.10799852098415312, "hotspot_class": "Not Significant" }, "geometry": { "type": "Point", "coordinates": [ -73.92931512442577, 40.746043328768316 ] } },
{ "type": "Feature", "properties": { "score": 46.15846592018395, "gi_z_score": -0.299414910490649, "hotspot_class": "Not Significant" }, "geometry": { "type": "Point", "coordinates": [ -74.009109999344872, 40.722752836034736 ] } },
{ "type": "Feature", "properties": { "score": 78.213327097945694, "gi_z_score": 0.47442240661933782, "hotspot_class": "Not Significant" }, "geometry": { "type": "Point", "coordinates": [ -73.988342644383195, 40.717715952831796 ] } },
{ "type": "Feature", "properties": { "score": 94.829849516286799, "gi_z_score": 0.35520160465841288, "hotspot_class": "Not Significant" }, "geometry": { "type": "Point", "coordinates": [ -73.90414011438952, 40.754766445692908 ] } },
{ "type": "Feature", "properties": { "score": 82.955643603037856, "gi_z_score": 0.42645574511517159, "hotspot_class": "Not Significant" }, "geometry": { "type": "Point", "coordinates": [ -73.904387058556523, 40.707226620707161 ] } },
{ "type": "Feature", "properties": { "score": 59.775035380646841, "gi_z_score": -0.51329340956403369, "hotspot_class": "Not Significant" }, "geometry": { "type": "Point", "coordinates": [ -73.977295351808635, 40.705859566042314 ] } },
{ "type": "Feature", "properties": { "score": 71.838166735798012, "gi_z_score": -0.16787971621231632, "hotspot_class": "Not Significant" }, "geometry": { "type": "Point", "coordinates": [ -73.968638183522216, 40.722034837908517 ] } },
{ "type": "Feature", "properties": { "score": 87.698812725537607, "gi_z_score": 0.34829102817819879, "hotspot_class": "Not Significant" }, "geometry": { "type": "Point", "coordinates": [ -73.967624493098995, 40.701235272167715 ] } },
{ "type": "Feature", "properties": { "score": 64.302278701788168, "gi_z_score": -0.6594806466646258, "hotspot_class": "Not Significant" }, "geometry": { "type": "Point", "coordinates": [ -73.949614099454521, 40.718767632143738 ] } },
{ "type": "Feature", "properties": { "score": 53.153970434631198, "gi_z_score": -0.35064415276857425, "hotspot_class": "Not Significant" }, "geometry": { "type": "Point", "coordinates": [ -73.918002433549944, 40.798486158985213 ] } },
{ "type": "Feature", "properties": { "score": 99.617805316000556, "gi_z_score": -0.32455489861595033, "hotspot_class": "Not Significant" }, "geometry": { "type": "Point", "coordinates": [ -74.025334402823518, 40.771991744272164 ] } },
{ "type": "Feature", "properties": { "score": 93.338228766634458, "gi_z_score": -0.22910340539152038, "hotspot_class": "Not Significant" }, "geometry": { "type": "Point", "coordinates": [ -74.010721421300261, 40.724110096855135 ] } },
{ "type": "Feature", "properties": { "score": 40.827115458784107, "gi_z_score": 0.39892885868214117, "hotspot_class": "Not Significant" }, "geometry": { "type": "Point", "coordinates": [ -74.019030766951488, 40.755824194402884 ] } },
{ "type": "Feature", "properties": { "score": 60.217826993059347, "gi_z_score": -0.15439034030832505, "hotspot_class": "Not Significant" }, "geometry": { "type": "Point", "coordinates": [ -73.93114971896334, 40.76291334087729 ] } },
{ "type": "Feature", "properties": { "score": 92.219201560026718, "gi_z_score": 0.46021976669934805, "hotspot_class": "Not Significant" }, "geometry": { "type": "Point", "coordinates": [ -73.926471884077998, 40.74109612901411 ] } },
{ "type": "Feature", "properties": { "score": 95.580832802976175, "gi_z_score": 0.32024730147630415, "hotspot_class": "Not Significant" }, "geometry": { "type": "Point", "coordinates": [ -73.961164211386276, 40.756351806006066 ] } },
{ "type": "Feature", "properties": { "score": 67.633096410248143, "gi_z_score": -0.60790190660852617, "hotspot_class": "Not Significant" }, "geometry": { "type": "Point", "coordinates": [ -74.043555422975416, 40.746056249941901 ] } },
{ "type": "Feature", "properties": { "score": 41.63626550996586, "gi_z_score": 0.10840447612143146, "hotspot_class": "Not Significant" }, "geometry": { "type": "Point", "coordinates": [ -73.981521162900322, 40.717085441874836 ] } },
{ "type": "Feature", "properties": { "score": 87.22023700067173, "gi_z_score": 0.70732870483213894, "hotspot_class": "Not Significant" }, "geometry": { "type": "Point", "coordinates": [ -73.997665605662817, 40.701154275232575 ] } },
{ "type": "Feature", "properties": { "score": 72.813507167545353, "gi_z_score": 0.29148058796164095, "hotspot_class": "Not Significant" }, "geometry": { "type": "Point", "coordinates": [ -73.965293332163512, 40.796719975888394 ] } },
{ "type": "Feature", "properties": { "score": 74.988062340589607, "gi_z_score": -0.098056779851451434, "hotspot_class": "Not Significant" }, "geometry": { "type": "Point", "coordinates": [ -73.990122709637163, 40.764125411494398 ] } },
{ "type": "Feature", "properties": { "score": 85.692204001199968, "gi_z_score": 0.61843382701434035, "hotspot_class": "Not Significant" }, "geometry": { "type": "Point", "coordinates": [ -73.977766667718797, 40.74017934215189 ] } },
{ "type": "Feature", "properties": { "score": 56.267131273444654, "gi_z_score": -0.54345326930385662, "hotspot_class": "Not Significant" }, "geometry": { "type": "Point", "coordinates": [ -73.999092685017402, 40.737517413729499 ] } },
{ "type": "Feature", "properties": { "score": 70.778742610964713, "gi_z_score": 0.48371167280078348, "hotspot_class": "Not Significant" }, "geometry": { "type": "Point", "coordinates": [ -73.966781248564203, 40.738101401357355 ] } },
{ "type": "Feature", "properties": { "score": 65.811720425951194, "gi_z_score": -0.63095885115552763, "hotspot_class": "Not Significant" }, "geometry": { "type": "Point", "coordinates": [ -74.013230188037937, 40.758340365686642 ] } },
{ "type": "Feature", "properties": { "score": 52.668392256298155, "gi_z_score": -0.0012384108682233614, "hotspot_class": "Not Significant" }, "geometry": { "type": "Point", "coordinates": [ -73.906785461259503, 40.789233399064742 ] } },
{ "type": "Feature", "properties": { "score": 73.030356685147254, "gi_z_score": 0.12143225580901594, "hotspot_class": "Not Significant" }, "geometry": { "type": "Point", "coordinates": [ -74.039690028587813, 40.718063279735219 ] } },
{ "type": "Feature", "properties": { "score": 92.212400230426596, "gi_z_score": -0.12199641238041546, "hotspot_class": "Not Significant" }, "geometry": { "type": "Point", "coordinates": [ -73.979980657925523, 40.716523309083911 ] } },
{ "type": "Feature", "properties": { "score": 60.290026104973933, "gi_z_score": -0.12028912558178262, "hotspot_class": "Not Significant" }, "geometry": { "type": "Point", "coordinates": [ -73.938309777863921, 40.764418650060193 ] } },
{ "type": "Feature", "properties": { "score": 82.160404100155176, "gi_z_score": -0.35529871388787931, "hotspot_class": "Not Significant" }, "geometry": { "type": "Point", "coordinates": [ -73.975308340916982, 40.77738154505316 ] } },
{ "type": "Feature", "properties": { "score": 47.366491110206361, "gi_z_score": -0.082196379546493004, "hotspot_class": "Not Significant" }, "geometry": { "type": "Point", "coordinates": [ -74.036843043873034, 40.764660382684681 ] } },
{ "type": "Feature", "properties": { "score": 83.47867737745969, "gi_z_score": 0.98676125395835823, "hotspot_class": "Not Significant" }, "geometry": { "type": "Point", "coordinates": [ -74.011043503746734, 40.700920130275769 ] } },
{ "type": "Feature", "properties": { "score": 48.670598263271295, "gi_z_score": -0.23149553723291016, "hotspot_class": "Not Significant" }, "geometry": { "type": "Point", "coordinates": [ -74.007660360849641, 40.721708649302585 ] } },
{ "type": "Feature", "properties": { "score": 72.868421316932228, "gi_z_score": 0.037196470974896867, "hotspot_class": "Not Significant" }, "geometry": { "type": "Point", "coordinates": [ -73.928920874575383, 40.729249601455805 ] } },
{ "type": "Feature", "properties": { "score": 74.363210621496165, "gi_z_score": 0.24960950124108838, "hotspot_class": "Not Significant" }, "geometry": { "type": "Point", "coordinates": [ -74.009407685516052, 40.786201417422113 ] } },
{ "type": "Feature", "properties": { "score": 95.349971564040359, "gi_z_score": 0.37850770933087957, "hotspot_class": "Not Significant" }, "geometry": { "type": "Point", "coordinates": [ -74.022082232156876, 40.748112255124774 ] } },
{ "type": "Feature", "properties": { "score": 78.952463839975991, "gi_z_score": 0.25662451664232633, "hotspot_class": "Not Significant" }, "geometry": { "type": "Point", "coordinates": [ -73.926513892009623, 40.70685659657682 ] } },
{ "type": "Feature", "properties": { "score": 45.037806273308036, "gi_z_score": -0.30094615770326716, "hotspot_class": "Not Significant" }, "geometry": { "type": "Point", "coordinates": [ -74.023459434345284, 40.773595118946091 ] } },
{ "type": "Feature", "properties": { "score": 94.742642334913896, "gi_z_score": 0.024399115669281855, "hotspot_class": "Not Significant" }, "geometry": { "type": "Point", "coordinates": [ -74.035026690523878, 40.765429504669243 ] } },
{ "type": "Feature", "properties": { "score": 98.044394760305948, "gi_z_score": -0.071089997738113558, "hotspot_class": "Not Significant" }, "geometry": { "type": "Point", "coordinates": [ -73.961037870824654, 40.790804632432057 ] } },
{ "type": "Feature", "properties": { "score": 60.14897328696523, "gi_z_score": -0.37484358909895316, "hotspot_class": "Not Significant" }, "geometry": { "type": "Point", "coordinates": [ -73.91492129037573, 40.778884196531919 ] } },
{ "type": "Feature", "properties": { "score": 51.632973632006887, "gi_z_score": 0.34869200934493783, "hotspot_class": "Not Significant" }, "geometry": { "type": "Point", "coordinates": [ -73.977191346712971, 40.79940968345521 ] } },
{ "type": "Feature", "properties": { "score": 70.998237636351433, "gi_z_score": -0.8524464489990291, "hotspot_class": "Not Significant" }, "geometry": { "type": "Point", "coordinates": [ -74.010750153271061, 40.740034115148745 ] } },
{ "type": "Feature", "properties": { "score": 71.161903885945463, "gi_z_score": -0.17255171138584116, "hotspot_class": "Not Significant" }, "geometry": { "type": "Point", "coordinates": [ -74.018630562601459, 40.75816991301965 ] } },
{ "type": "Feature", "properties": { "score": 83.754905799071807, "gi_z_score": 0.64152637210948715, "hotspot_class": "Not Significant" }, "geometry": { "type": "Point", "coordinates": [ -73.951348656930065, 40.773479683635991 ] } },
{ "type": "Feature", "properties": { "score": 87.988484270188181, "gi_z_score": 0.82920625139244242, "hotspot_class": "Not Significant" }, "geometry": { "type": "Point", "coordinates": [ -74.018662436317015, 40.700743752354349 ] } },
{ "type": "Feature", "properties": { "score": 54.008524994380707, "gi_z_score": -0.47654961416390762, "hotspot_class": "Not Significant" }, "geometry": { "type": "Point", "coordinates": [ -73.960381949217521, 40.780807517181714 ] } },
{ "type": "Feature", "properties": { "score": 96.950712720626782, "gi_z_score": -0.17099696094735692, "hotspot_class": "Not Significant" }, "geometry": { "type": "Point", "coordinates": [ -73.99672955703852, 40.727580859598127 ] } },
{ "type": "Feature", "properties": { "score": 92.943748272463722, "gi_z_score": 0.38929146848452373, "hotspot_class": "Not Significant" }, "geometry": { "type": "Point", "coordinates": [ -73.924007317968844, 40.737292358752107 ] } },
{ "type": "Feature", "properties": { "score": 40.746034435279341, "gi_z_score": -0.21766652373881928, "hotspot_class": "Not Significant" }, "geometry": { "type": "Point", "coordinates": [ -73.920915573007022, 40.721995216220286 ] } },
{ "type": "Feature", "properties": { "score": 74.364584563305243, "gi_z_score": 0.3129170322108844, "hotspot_class": "Not Significant" }, "geometry": { "type": "Point", "coordinates": [ -73.900199890435914, 40.711509140034693 ] } },
{ "type": "Feature", "properties": { "score": 50.69401042568461, "gi_z_score": -0.45574641016910489, "hotspot_class": "Not Significant" }, "geometry": { "type": "Point", "coordinates": [ -74.030899765512416, 40.722584639084424 ] } },
{ "type": "Feature", "properties": { "score": 57.799229086227079, "gi_z_score": 0.36047304685015552, "hotspot_class": "Not Significant" }, "geometry": { "type": "Point", "coordinates": [ -73.973757547285885, 40.763279266110587 ] } },
{ "type": "Feature", "properties": { "score": 65.510622329882381, "gi_z_score": -0.11126749064396693, "hotspot_class": "Not Significant" }, "geometry": { "type": "Point", "coordinates": [ -74.004159343842844, 40.783442523487359 ] } },
{ "type": "Feature", "properties": { "score": 87.856470016337894, "gi_z_score": 0.22359703023130409, "hotspot_class": "Not Significant" }, "geometry": { "type": "Point", "coordinates": [ -73.971865796956749, 40.731603603089596 ] } },
{ "type": "Feature", "properties": { "score": 55.992151717160056, "gi_z_score": -0.4867666339672051, "hotspot_class": "Not Significant" }, "geometry": { "type": "Point", "coordinates": [ -73.953455664192603, 40.733107247874294 ] } },
{ "type": "Feature", "properties": { "score": 42.675514040289976, "gi_z_score": 0.018277386492578842, "hotspot_class": "Not Significant" }, "geometry": { "type": "Point", "coordinates": [ -73.913525145019761, 40.730009911759041 ] } },
{ "type": "Feature", "properties": { "score": 97.549205754466257, "gi_z_score": 0.019618062947204824, "hotspot_class": "Not Significant" }, "geometry": { "type": "Point", "coordinates": [ -73.933270776057554, 40.757584257621112 ] } },
{ "type": "Feature", "properties": { "score": 99.281082993627876, "gi_z_score": 1.0418743582460888, "hotspot_class": "Not Significant" }, "geometry": { "type": "Point", "coordinates": [ -73.942605716650803, 40.750518345598387 ] } },
{ "type": "Feature", "properties": { "score": 59.165774020789243, "gi_z_score": -0.59982688130446493, "hotspot_class": "Not Significant" }, "geometry": { "type": "Point", "coordinates": [ -74.034077578123373, 40.746302074749707 ] } },
{ "type": "Feature", "properties": { "score": 58.863141006351277, "gi_z_score": -0.63561536145020814, "hotspot_class": "Not Significant" }, "geometry": { "type": "Point", "coordinates": [ -73.912569991654323, 40.761224310417617 ] } },
{ "type": "Feature", "properties": { "score": 83.416212233832908, "gi_z_score": 0.77515237027962136, "hotspot_class": "Not Significant" }, "geometry": { "type": "Point", "coordinates": [ -73.945999292683737, 40.744761917666473 ] } },
{ "type": "Feature", "properties": { "score": 43.475338119103277, "gi_z_score": 0.00056908703954172636, "hotspot_class": "Not Significant" }, "geometry": { "type": "Point", "coordinates": [ -74.001533402709768, 40.799604866685932 ] } },
{ "type": "Feature", "properties": { "score": 59.123581364700001, "gi_z_score": -0.54457980207239531, "hotspot_class": "Not Significant" }, "geometry": { "type": "Point", "coordinates": [ -74.006238277139644, 40.752661472742808 ] } },
{ "type": "Feature", "properties": { "score": 41.578662307936618, "gi_z_score": -0.38084655180615068, "hotspot_class": "Not Significant" }, "geometry": { "type": "Point", "coordinates": [ -73.980510543456475, 40.776692245630514 ] } },
{ "type": "Feature", "properties": { "score": 64.809239655268485, "gi_z_score": -0.27912792328931874, "hotspot_class": "Not Significant" }, "geometry": { "type": "Point", "coordinates": [ -74.043244742312041, 40.759853897412953 ] } },
{ "type": "Feature", "properties": { "score": 90.730827978904699, "gi_z_score": -0.13802151510725996, "hotspot_class": "Not Significant" }, "geometry": { "type": "Point", "coordinates": [ -74.038785205243514, 40.732717311224761 ] } },
{ "type": "Feature", "properties": { "score": 88.41030024510701, "gi_z_score": -0.045108694323832577, "hotspot_class": "Not Significant" }, "geometry": { "type": "Point", "coordinates": [ -74.010029912873378, 40.778094099485806 ] } },
{ "type": "Feature", "properties": { "score": 64.686170131516803, "gi_z_score": -0.29719347036422072, "hotspot_class": "Not Significant" }, "geometry": { "type": "Point", "coordinates": [ -73.976798277150991, 40.719453509262145 ] } },
{ "type": "Feature", "properties": { "score": 79.594349701951046, "gi_z_score": 0.53645415831282839, "hotspot_class": "Not Significant" }, "geometry": { "type": "Point", "coordinates": [ -74.025726900525896, 40.705492589289697 ] } },
{ "type": "Feature", "properties": { "score": 59.301318625407845, "gi_z_score": 0.4053870116769217, "hotspot_class": "Not Significant" }, "geometry": { "type": "Point", "coordinates": [ -74.031549965286345, 40.730788294016044 ] } },
{ "type": "Feature", "properties": { "score": 83.503040974975704, "gi_z_score": -0.13004211078149303, "hotspot_class": "Not Significant" }, "geometry": { "type": "Point", "coordinates": [ -73.954932262373092, 40.73474853047388 ] } },
{ "type": "Feature", "properties": { "score": 50.730816369781763, "gi_z_score": -0.058996740445921451, "hotspot_class": "Not Significant" }, "geometry": { "type": "Point", "coordinates": [ -73.981442822812696, 40.779165443257362 ] } },
{ "type": "Feature", "properties": { "score": 85.249074654013612, "gi_z_score": -0.16869762792821968, "hotspot_class": "Not Significant" }, "geometry": { "type": "Point", "coordinates": [ -73.962593343112658, 40.784731086126541 ] } },
{ "type": "Feature", "properties": { "score": 77.302786236455901, "gi_z_score": 0.64314002568840123, "hotspot_class": "Not Significant" }, "geometry": { "type": "Point", "coordinates": [ -73.947623865435446, 40.768616040180682 ] } },
{ "type": "Feature", "properties": { "score": 93.515399928107257, "gi_z_score": 0.16269453683625962, "hotspot_class": "Not Significant" }, "geometry": { "type": "Point", "coordinates": [ -74.040967692852092, 40.730162521279951 ] } },
{ "type": "Feature", "properties": { "score": 72.335130389270063, "gi_z_score": 0.039579160144094218, "hotspot_class": "Not Significant" }, "geometry": { "type": "Point", "coordinates": [ -74.014885961699889, 40.778183207896561 ] } },
{ "type": "Feature", "properties": { "score": 79.138354251933308, "gi_z_score": 0.087235001675471505, "hotspot_class": "Not Significant" }, "geometry": { "type": "Point", "coordinates": [ -73.960451038149245, 40.703946036691761 ] } },
{ "type": "Feature", "properties": { "score": 87.647984731600843, "gi_z_score": 0.2303604228885103, "hotspot_class": "Not Significant" }, "geometry": { "type": "Point", "coordinates": [ -73.944302131936794, 40.776949896688024 ] } },
{ "type": "Feature", "properties": { "score": 82.12997266736636, "gi_z_score": 0.27836132255360679, "hotspot_class": "Not Significant" }, "geometry": { "type": "Point", "coordinates": [ -73.937881057896405, 40.729100945453851 ] } },
{ "type": "Feature", "properties": { "score": 91.312967712655166, "gi_z_score": 0.42645574511517159, "hotspot_class": "Not Significant" }, "geometry": { "type": "Point", "coordinates": [ -73.902161835376091, 40.70615004465698 ] } },
{ "type": "Feature", "properties": { "score": 42.292497720820222, "gi_z_score": -0.0027823578636290282, "hotspot_class": "Not Significant" }, "geometry": { "type": "Point", "coordinates": [ -74.000547411969052, 40.714721628303892 ] } },
{ "type": "Feature", "properties": { "score": 85.23931711993427, "gi_z_score": 0.59909211872265011, "hotspot_class": "Not Significant" }, "geometry": { "type": "Point", "coordinates": [ -74.042850827127808, 40.712831551918711 ] } },
{ "type": "Feature", "properties": { "score": 63.573363321351636, "gi_z_score": -0.446527465898231, "hotspot_class": "Not Significant" }, "geometry": { "type": "Point", "coordinates": [ -73.913676371401522, 40.777064560231203 ] } },
{ "type": "Feature", "properties": { "score": 63.56858723517756, "gi_z_score": 0.44724459876996248, "hotspot_class": "Not Significant" }, "geometry": { "type": "Point", "coordinates": [ -73.941805565559733, 40.771940548599574 ] } },
{ "type": "Feature", "properties": { "score": 75.475885225045374, "gi_z_score": 0.77654748979738508, "hotspot_class": "Not Significant" }, "geometry": { "type": "Point", "coordinates": [ -73.983375511512719, 40.742363676888829 ] } },
{ "type": "Feature", "properties": { "score": 90.527999671403478, "gi_z_score": 0.20365539054122908, "hotspot_class": "Not Significant" }, "geometry": { "type": "Point", "coordinates": [ -73.938200629365113, 40.713957663818128 ] } },
{ "type": "Feature", "properties": { "score": 52.458367937979496, "gi_z_score": 0.29201844697382751, "hotspot_class": "Not Significant" }, "geometry": { "type": "Point", "coordinates": [ -73.999812790820371, 40.720755175884278 ] } },
{ "type": "Feature", "properties": { "score": 59.877300085033063, "gi_z_score": 0.55404140549581116, "hotspot_class": "Not Significant" }, "geometry": { "type": "Point", "coordinates": [ -73.950292451554105, 40.745769355339547 ] } },
{ "type": "Feature", "properties": { "score": 96.87565645706006, "gi_z_score": 0.3662446773707202, "hotspot_class": "Not Significant" }, "geometry": { "type": "Point", "coordinates": [ -73.938240778282633, 40.74380368150436 ] } },
{ "type": "Feature", "properties": { "score": 63.250399688200304, "gi_z_score": -0.37611507899054403, "hotspot_class": "Not Significant" }, "geometry": { "type": "Point", "coordinates": [ -73.936763527514515, 40.790670650391192 ] } },
{ "type": "Feature", "properties": { "score": 57.315684332126452, "gi_z_score": -0.48055451147827599, "hotspot_class": "Not Significant" }, "geometry": { "type": "Point", "coordinates": [ -73.931233784893166, 40.792811755646227 ] } },
{ "type": "Feature", "properties": { "score": 55.350163818869717, "gi_z_score": -0.18490541771869284, "hotspot_class": "Not Significant" }, "geometry": { "type": "Point", "coordinates": [ -74.01010616225291, 40.716441359590299 ] } },
{ "type": "Feature", "properties": { "score": 93.145281848796813, "gi_z_score": -0.10124251231337686, "hotspot_class": "Not Significant" }, "geometry": { "type": "Point", "coordinates": [ -73.93970408488191, 40.701144404166207 ] } },
{ "type": "Feature", "properties": { "score": 84.829078815315626, "gi_z_score": 0.37441210643933281, "hotspot_class": "Not Significant" }, "geometry": { "type": "Point", "coordinates": [ -73.990090930807696, 40.719509020978876 ] } },
{ "type": "Feature", "properties": { "score": 93.160926622011985, "gi_z_score": 0.21068327844201204, "hotspot_class": "Not Significant" }, "geometry": { "type": "Point", "coordinates": [ -73.9169474922451, 40.786723264795008 ] } },
{ "type": "Feature", "properties": { "score": 58.419349591139124, "gi_z_score": 0.4835192289110723, "hotspot_class": "Not Significant" }, "geometry": { "type": "Point", "coordinates": [ -73.990418093396158, 40.721894883844072 ] } },
{ "type": "Feature", "properties": { "score": 86.52221987402524, "gi_z_score": 0.36917787173020628, "hotspot_class": "Not Significant" }, "geometry": { "type": "Point", "coordinates": [ -73.92197121642738, 40.739088454050766 ] } },
{ "type": "Feature", "properties": { "score": 50.055173458588314, "gi_z_score": -0.60629081538362295, "hotspot_class": "Not Significant" }, "geometry": { "type": "Point", "coordinates": [ -74.034883525968013, 40.746452094456323 ] } },
{ "type": "Feature", "properties": { "score": 91.198688437170517, "gi_z_score": -0.56368292259569808, "hotspot_class": "Not Significant" }, "geometry": { "type": "Point", "coordinates": [ -74.01708603557779, 40.741006876585296 ] } },
{ "type": "Feature", "properties": { "score": 89.605404338184655, "gi_z_score": 0.68512639857451285, "hotspot_class": "Not Significant" }, "geometry": { "type": "Point", "coordinates": [ -74.015885784988996, 40.70822937334809 ] } },
{ "type": "Feature", "properties": { "score": 46.960045900850609, "gi_z_score": -0.25109883885950285, "hotspot_class": "Not Significant" }, "geometry": { "type": "Point", "coordinates": [ -74.040342164594776, 40.780889634870853 ] } },
{ "type": "Feature", "properties": { "score": 60.504604247458005, "gi_z_score": 0.34869200934493783, "hotspot_class": "Not Significant" }, "geometry": { "type": "Point", "coordinates": [ -73.972971513208591, 40.79953535189015 ] } },
{ "type": "Feature", "properties": { "score": 49.651851352643703, "gi_z_score": -0.19820800887389969, "hotspot_class": "Not Significant" }, "geometry": { "type": "Point", "coordinates": [ -73.954337081900206, 40.780630203816941 ] } },
{ "type": "Feature", "properties": { "score": 76.372673492403479, "gi_z_score": -0.4867666339672051, "hotspot_class": "Not Significant" }, "geometry": { "type": "Point", "coordinates": [ -73.951008583858894, 40.731039352226432 ] } },
{ "type": "Feature", "properties": { "score": 80.967392060989326, "gi_z_score": -0.29737542455227628, "hotspot_class": "Not Significant" }, "geometry": { "type": "Point", "coordinates": [ -74.035151203637227, 40.779572322027185 ] } },
{ "type": "Feature", "properties": { "score": 78.721472747043634, "gi_z_score": 0.46902110486992593, "hotspot_class": "Not Significant" }, "geometry": { "type": "Point", "coordinates": [ -73.943454340450032, 40.742571353159882 ] } },
{ "type": "Feature", "properties": { "score": 53.735243147446802, "gi_z_score": 0.35520160465841288, "hotspot_class": "Not Significant" }, "geometry": { "type": "Point", "coordinates": [ -73.900202882701592, 40.75422234792206 ] } },
{ "type": "Feature", "properties": { "score": 63.761095643498678, "gi_z_score": 0.31124548889274062, "hotspot_class": "Not Significant" }, "geometry": { "type": "Point", "coordinates": [ -73.936736840214508, 40.755816336457109 ] } },
{ "type": "Feature", "properties": { "score": 69.684752332588005, "gi_z_score": -0.002749723934337265, "hotspot_class": "Not Significant" }, "geometry": { "type": "Point", "coordinates": [ -73.951743197157256, 40.762472688159079 ] } },
{ "type": "Feature", "properties": { "score": 44.000885765926874, "gi_z_score": 0.23402644666936259, "hotspot_class": "Not Significant" }, "geometry": { "type": "Point", "coordinates": [ -73.927573054941135, 40.728046690418878 ] } },
{ "type": "Feature", "properties": { "score": 86.546557730008715, "gi_z_score": -0.0090718040760051546, "hotspot_class": "Not Significant" }, "geometry": { "type": "Point", "coordinates": [ -74.036951094875221, 40.732277319684108 ] } },
{ "type": "Feature", "properties": { "score": 47.356010872869504, "gi_z_score": 0.31919740444315575, "hotspot_class": "Not Significant" }, "geometry": { "type": "Point", "coordinates": [ -73.960917530433605, 40.747226759056034 ] } },
{ "type": "Feature", "properties": { "score": 66.995739372863454, "gi_z_score": 0.19066636119213157, "hotspot_class": "Not Significant" }, "geometry": { "type": "Point", "coordinates": [ -73.913087227618263, 40.791664559708479 ] } },
{ "type": "Feature", "properties": { "score": 93.177078014608711, "gi_z_score": -0.044089990466050395, "hotspot_class": "Not Significant" }, "geometry": { "type": "Point", "coordinates": [ -74.02011925398881, 40.72455111954757 ] } },
{ "type": "Feature", "properties": { "score": 56.709801673359877, "gi_z_score": -0.76090003740034118, "hotspot_class": "Not Significant" }, "geometry": { "type": "Point", "coordinates": [ -73.90080840860287, 40.733819617162645 ] } },
{ "type": "Feature", "properties": { "score": 66.436778023914684, "gi_z_score": 0.32524913414791251, "hotspot_class": "Not Significant" }, "geometry": { "type": "Point", "coordinates": [ -73.98772424962128, 40.763137559116089 ] } }
]
}
